year,bib,race_name,distance,elevationGain,gender,indexCategory,rank,time,race_year,countryCode
2025,7004,mafate trail tour - mafate trail tour,53900.0,3560,FEMALE,50K,608,16:46:49,2023,FR
2025,7005,adidas terrex maxi-race - demi-tour du lac d'annecy,42000.0,2300,MALE,50K,219,06:21:29,2025,FR
2025,7005,trans aubrac - ta 50 - trail du capuchadou,53600.0,1410,MALE,50K,55,05:43:50,2024,FR
2025,7007,le grand raid de la réunion - trail de bourbon,109200.0,5960,FEMALE,100K,746,39:26:35,2022,FR
2025,7007,l'infernal trail des vosges - it 130,123800.0,5634,FEMALE,100M,120,31:11:05,2022,FR
2025,7007,les vosgirunners trails nature - dÉfi des seigneurs,80300.0,3270,FEMALE,100K,142,13:37:55,2022,FR
2025,7007,trail du petit ballon - 54 km,55900.0,2180,FEMALE,50K,553,09:27:08,2022,FR
2025,7007,terre de feu  - terre de feu,30300.0,1560,FEMALE,20K,225,04:33:44,2022,FR
2025,7011,le grand raid de la réunion - la mascareignes,70000.0,3829,FEMALE,100K,601,16:39:44,2024,FR
2025,7011,le grand raid de la réunion - zembrocal trail relais1,37200.0,2720,FEMALE,50K,115,08:15:52,2023,FR
2025,7012,tignes trail - 14km,14310.0,752,FEMALE,20K,317,02:15:36,2025,FR
2025,7012,la 6000d trail de légende - la 6000d en relais à 3 - section 3,20400.0,190,FEMALE,20K,46,02:05:18,2025,FR
2025,7012,trail des coursières - 25 km des coursieres,25000.0,990,FEMALE,20K,212,03:05:29,2025,FR
2025,7014,le grand raid de la réunion - zembrocal trail relais2,32700.000000000004,1168,MALE,20K,18,05:37:40,2024,FR
2025,7017,utcs - trail ambodirano - utcs - trail ambodirano,31000.0,1000,FEMALE,20K,35,03:37:07,2025,MG
2025,7018,grand raid des pyrénées - tour du bastan,51400.0,3046,MALE,50K,641,12:36:32,2025,FR
2025,7018,trail montan'aspe - le défi de l'ourdinse,37000.0,2689,MALE,50K,356,07:48:40,2025,FR
2025,7018,senpereko trail - senpereko trail 21km,20900.0,1070,MALE,20K,373,02:53:30,2025,FR
2025,7018,patou trail - marathon,42000.0,3450,MALE,50K,347,09:18:11,2024,FR
2025,7018,montan'aspe - le défi de l'ourdinse,34300.0,2540,MALE,50K,312,07:45:24,2024,FR
2025,7018,senpereko trail - senpereko trail 21km,20900.0,1070,MALE,20K,371,02:52:16,2024,FR
2025,7018,montan'aspe - le défi de l'ourdinse,34300.0,2540,MALE,50K,302,07:16:27,2023,FR
2025,7020,dodo trail - trooper 25km,23700.0,1450,MALE,20K,175,07:12:48,2022,MU
2025,7020,dodo trail - trooper 25km,23700.0,1450,MALE,20K,106,07:09:34,2021,MU
2025,7021,le grand raid de la réunion - la diagonale des fous,167300.0,9710,FEMALE,100M,1527,56:36:12,2023,FR
2025,7021,le grand raid de la réunion - trail de bourbon,105100.0,6131,FEMALE,100K,642,37:38:58,2021,FR
2025,7022,l'ultra marin raid golfe du morbihan - arvor 56 km,59500.0,600,FEMALE,50K,1131,07:38:00,2025,FR
2025,7022,trail des vallées - le trail du roch',25000.0,350,FEMALE,20K,344,03:12:23,2025,FR
2025,7022,l'ultra marin raid golfe du morbihan - ronde des douaniers 34 km,33000.0,510,FEMALE,20K,1468,03:59:59,2024,FR
2025,7024,utcs - trail ambodirano - utcs - trail ambodirano,31000.0,1000,FEMALE,20K,21,03:19:33,2025,MG
2025,7025,le grand raid de la réunion - zembrocal trail relais2,36200.0,1210,MALE,20K,170,09:36:53,2022,FR
2025,7029,trans peneda-gerês - tpg 25km,25000.0,1063,FEMALE,20K,206,04:30:30,2025,PT
2025,7029,caramulo magic trail - cn 24k,24000.0,1183,FEMALE,20K,391,04:03:20,2025,PT
2025,7029,trilhos dos abutres - trilhos,32000.0,1500,FEMALE,20K,384,06:06:02,2025,PT
2025,7029,desafio picos do açor  - dpa 18k,18000.0,1000,FEMALE,20K,450,03:15:39,2024,PT
2025,7029,maxi race madeira - maxi race madeira long (55km),55000.0,3500,FEMALE,50K,95,11:27:47,2024,PT
2025,7029,vouga trail - sever do vouga - vouga trail curto,19600.0,730,FEMALE,20K,283,02:51:52,2024,PT
2025,7029,desafio picos do açor  - dpa 18k,18000.0,1000,FEMALE,20K,309,02:51:17,2023,PT
2025,7029,taut - terras do ansiÃo ultra trail - tatl - terras do anciÃo trail longo,35000.0,1023,FEMALE,20K,98,05:25:58,2023,PT
2025,7029,louzantrail® - louzantrail®,29000.0,2050,FEMALE,20K,209,05:31:47,2023,PT
2025,7029,vouga trail - sever do vouga - vouga trail,25000.0,1000,FEMALE,20K,247,04:19:29,2023,PT
2025,7031,l'ultra marin raid golfe du morbihan - réveil des ducs 70km,70000.0,498,MALE,50K,899,10:10:43,2025,FR
2025,7032,le grand raid de la réunion - zembrocal trail relais1,37900.0,2769,MALE,50K,1,04:38:54,2024,FR
2025,7032,le grand raid de la réunion - la mascareignes,72000.0,4007,MALE,100K,581,17:27:34,2023,FR
2025,7032,cimasarun - cumasarun,51700.0,3725,MALE,50K,8,07:11:29,2023,FR
2025,7032,le grand raid de la réunion - zembrocal trail relais1,37200.0,2720,MALE,50K,2,05:15:17,2022,FR
2025,7032,le grand raid de la réunion - la diagonale des fous,160200.0,9377,MALE,100M,200,37:46:37,2021,FR
2025,7033,ultra trail de la siberie - ultra trail de la siberie 32km ,32000.0,1300,FEMALE,20K,202,04:43:02,2025,BE
2025,7033,trail de bruxelles - 25km,25000.0,320,FEMALE,20K,231,02:52:06,2024,BE
2025,7033,munster'trail - munster'trail 22km,22000.0,1000,FEMALE,20K,145,02:42:46,2024,FR
2025,7034,mafate trail tour - ultra mafate trail tour,63400.0,4090,FEMALE,100K,66,12:15:01,2023,FR
2025,7034,le grand raid de la réunion - la mascareignes,72000.0,4007,FEMALE,100K,161,13:37:39,2023,FR
2025,7034,le grand raid de la réunion - trail de bourbon,105100.0,6131,FEMALE,100K,197,27:24:48,2021,FR
2025,7035,le grand raid de la réunion - trail de bourbon,101000.0,5835,MALE,100K,122,21:25:25,2024,FR
2025,7035,raid 974 - semi-raid 974,57000.0,2800,MALE,50K,10,08:09:23,2024,FR
2025,7035,le grand raid de la réunion - la mascareignes,72000.0,3874,MALE,100K,117,13:23:34,2021,FR
2025,7037,le grand raid de la réunion - metis trail,50000.0,2598,FEMALE,50K,353,13:18:37,2024,FR
2025,7038,l'ultra marin raid golfe du morbihan - grand relais - n°4,29300.0,271,MALE,20K,452,05:18:27,2025,FR
2025,7038,trail du cirque du fer à cheval - trail 22 km,22000.0,780,MALE,20K,392,04:12:11,2025,FR
2025,7038,l'ultra marin raid golfe du morbihan - grand relais - n°3,45490.0,196,MALE,20K,387,07:48:04,2024,FR
2025,7038,grand raid 73 - petit savoyard,23000.0,1250,MALE,20K,166,05:26:25,2024,FR
2025,7038,l'ultra marin raid golfe du morbihan - grand relais - n°3,52000.0,196,MALE,50K,285,08:09:21,2023,FR
2025,7038,trail de la valserine - trail de la valserine boucle 1-2,26500.0,1110,MALE,20K,58,05:27:35,2022,FR
2025,7039,le grand raid de la réunion - la diagonale des fous,167300.0,9710,MALE,100M,755,46:05:31,2023,FR
2025,7039,cimasarun - cumasarun,51700.0,3725,MALE,50K,354,11:10:06,2023,FR
2025,7039,le grand raid de la réunion - zembrocal trail relais1,37200.0,2720,MALE,50K,32,06:29:02,2022,FR
2025,7042,le grand raid de la réunion - zembrocal trail relais2,32700.000000000004,1168,MALE,20K,195,09:27:13,2024,FR
2025,7042,trail des anglais - trail des anglais,28000.0,1260,MALE,20K,635,04:28:19,2020,FR
2025,7044,trail du petit ballon - marathon du petit ballon 42 km,42730.0,1346,FEMALE,50K,274,05:19:43,2025,FR
2025,7044,trail des glières - ecureuil fou 41 km,41000.0,2300,FEMALE,50K,94,06:32:01,2024,FR
2025,7044,trail du tour des fiz - tour des 5 refuges,37900.0,2330,FEMALE,50K,275,05:56:35,2024,FR
2025,7044,la transju'trail - le 25km de la transju'trail,25000.0,1250,FEMALE,20K,196,03:22:01,2024,FR
2025,7044,lyaud trail - grand lyaud,20000.0,1380,FEMALE,20K,162,02:46:45,2024,FR
2025,7044,Échappée belle - skyrace du rocher blanc,20000.0,1950,FEMALE,20K,114,04:59:30,2023,FR
2025,7044,trail du tour des fiz - tour des 5 refuges,37800.0,2530,FEMALE,50K,359,07:43:14,2022,FR
2025,7053,le grand raid de la réunion - la mascareignes,74100.0,4000,MALE,100K,979,19:44:23,2022,FR
2025,7053,le grand raid de la réunion - la mascareignes,72000.0,3874,MALE,100K,854,20:44:51,2021,FR
2025,7053,trail des anglais - trail des anglais,28000.0,1260,MALE,20K,642,04:28:23,2020,FR
2025,7054,l'ultra marin raid golfe du morbihan - arvor 56 km,59500.0,600,MALE,50K,581,06:46:38,2025,FR
2025,7054,trail du saint-jacques by UTMB® - grand trail du saint jacques - 100k,81900.0,3080,MALE,100K,677,14:22:37,2025,FR
2025,7054,nice côte d’azur by UTMB® - eze - nice - 50k,54000.0,2100,MALE,50K,1316,09:41:16,2024,FR
2025,7054,wildstrubel by UTMB - wild 25,29100.0,1476,MALE,20K,620,04:36:58,2024,CH
2025,7054,trail alsace grand est by UTMB - trail des celtes,49600.0,2020,MALE,50K,694,06:41:33,2023,FR
2025,7054,le trail des hobbits - la comtoise,31000.0,620,MALE,20K,326,03:35:36,2022,FR
2025,7056,trail de vulcain - riom limagne & volcans,28000.0,870,FEMALE,20K,184,03:06:51,2025,FR
2025,7056,x trail corrèze dordogne - les balcons de la dordogne,25800.0,840,FEMALE,20K,197,03:17:56,2020,FR
2025,7057,le grand raid de la réunion - la diagonale des fous,175000.0,10107,MALE,100M,1939,64:18:08,2024,FR
2025,7057,uttn ultra trail tour de nancy - uttn chardon ,70650.0,2200,MALE,50K,90,10:41:00,2024,FR
2025,7057,ecotrail paris® - trail 80km,82000.0,1300,MALE,50K,2265,13:10:32,2024,FR
2025,7057,le grand raid de la réunion - la mascareignes,74100.0,4000,MALE,100K,1095,20:28:17,2022,FR
2025,7058,la 6000d trail de légende - la 6000d en relais à 3 - section 3,20400.0,190,FEMALE,20K,43,02:02:21,2025,FR
2025,7058,trail des coursières - 50 km des coursieres,50000.0,2200,FEMALE,50K,177,06:49:18,2025,FR
2025,7058,la asics saintélyon - saintexpress,45000.0,906,FEMALE,50K,795,05:25:35,2024,FR
2025,7058,trail la frison roche - challenge frison,24000.0,1370,FEMALE,20K,31,02:57:50,2024,FR
2025,7058,trail hivernal des coursières - 32 km,32400.0,1100,FEMALE,20K,332,03:51:41,2024,FR
2025,7060,le grand raid de la réunion - trail de bourbon,109000.0,6328,MALE,100M,476,33:07:02,2023,FR
2025,7060,le grand raid de la réunion - la diagonale des fous,168400.0,10250,MALE,100M,1413,55:00:10,2022,FR
2025,7060,le grand raid de la réunion - la mascareignes,72000.0,3874,MALE,100K,431,16:53:03,2021,FR
2025,7061,le grand raid de la réunion - la mascareignes,70000.0,3829,FEMALE,100K,383,14:58:25,2024,FR
2025,7061,cimasarun - cumasarun,56200.0,3818,FEMALE,50K,365,11:34:30,2024,FR
2025,7061,le grand raid de la réunion - la diagonale des fous,167300.0,9710,FEMALE,100M,1277,52:26:07,2023,FR
2025,7061,le grand raid de la réunion - trail de bourbon,109200.0,5960,FEMALE,100K,429,33:43:03,2022,FR
2025,7061,le grand raid de la réunion - zembrocal trail relais2,38100.0,1300,FEMALE,50K,16,04:23:06,2021,FR
2025,7062,trail des 3 pics - 3 pics m,22500.0,1410,MALE,20K,196,03:54:39,2024,FR
2025,7069,le grand raid de la réunion - la mascareignes,74100.0,4000,MALE,100K,832,18:43:03,2022,FR
2025,7070,trail la rosiere - 22 km,22210.0,1495,MALE,20K,143,04:06:01,2025,FR
2025,7070,pilatrail - traversée des 3 dents,21000.0,1200,MALE,20K,355,03:32:45,2025,FR
2025,7070,lyon urban trail - 25 km,25700.0,990,MALE,20K,1129,03:09:46,2025,FR
2025,7070,la asics saintélyon - saintexpress,45000.0,906,MALE,50K,2603,06:54:20,2024,FR
2025,7070,trail la rosiere - 15 km,15000.0,800,MALE,20K,133,02:25:55,2024,FR
2025,7070,pilatrail - traversée des 3 dents,21000.0,1200,MALE,20K,208,03:25:33,2024,FR
2025,7070,lyon urban trail - 14 km,14160.0,500,MALE,,622,01:33:49,2024,FR
2025,7070,la asics saintélyon - la saintétic,13000.0,193,MALE,,461,01:17:44,2023,FR
2025,7070,lyon urban trail by night - 8 km,7000.0,300,MALE,,362,01:00:54,2023,FR
2025,7070,pilatrail - traversée des 3 dents,21000.0,1150,MALE,20K,413,04:09:19,2023,FR
2025,7070,trail des forts de besançon - 21km,21000.0,710,MALE,20K,1282,02:53:19,2023,FR
2025,7070,lyon urban trail - 14 km,14000.0,550,MALE,,673,01:42:07,2023,FR
2025,7070,la asics saintélyon - la saintésprint,24000.0,520,MALE,20K,1482,03:09:49,2022,FR
2025,7070,lyon urban trail by night - 15kms,15300.0,530,MALE,20K,1086,01:47:25,2022,FR
2025,7071,l'ultra marin raid golfe du morbihan - grand relais - n°4,35470.0,271,FEMALE,20K,168,03:45:04,2024,FR
2025,7071,menestrail - le menestrail,24000.0,800,FEMALE,20K,700,03:37:05,2023,FR
2025,7071,l'ultra marin raid golfe du morbihan - ronde des douaniers 34 km,33000.0,510,FEMALE,20K,766,03:34:56,2023,FR
2025,7075,restonica trail by UTMB - gt20k,17000.0,680,MALE,20K,236,02:15:07,2025,FR
2025,7075,xtratrail lavaux - xtra 20,20000.0,870,MALE,20K,314,02:40:22,2025,CH
2025,7075,jura swiss trail - eterlou 35k,34420.0,2215,MALE,50K,208,06:01:05,2025,CH
2025,7075,les courses du mont-terrible - 15k - la brère,15000.0,540,MALE,20K,84,01:29:46,2025,CH
2025,7075,urban trail lausanne - urban trail lausanne 18k,18000.0,450,MALE,20K,148,01:50:37,2025,CH
2025,7075,hoka UTMB mont-blanc - occ,57000.0,3500,MALE,50K,1157,12:50:45,2024,FR
2025,7075,trail verbier st bernard by UTMB - verbier x-plore ,27400.0,1730,MALE,20K,263,04:37:54,2024,CH
2025,7075,trail du saint-jacques by UTMB® - les chibottes - 20k,17700.0,534,MALE,20K,246,01:49:25,2024,FR
2025,7075,xtratrail lavaux - xtra 20,20000.0,870,MALE,20K,158,02:20:01,2024,CH
2025,7075,jura swiss trail - eterlou 35k,34420.0,2215,MALE,50K,145,05:19:55,2024,CH
2025,7075,les courses du mont-terrible - 15k - la brère,15000.0,540,MALE,20K,63,01:32:40,2024,CH
2025,7075,marathon du mont-blanc - 23 km du mont-blanc,23600.0,1590,MALE,20K,1133,04:31:18,2023,FR
2025,7075,xtratrail lavaux - xtra 20,20000.0,870,MALE,20K,172,02:29:59,2023,CH
2025,7075,jura swiss trail - cabri 19k,19100.0,1310,MALE,20K,176,03:15:51,2023,CH
2025,7075,trail vallée de joux - 36k,36400.0,1900,MALE,50K,119,05:13:13,2022,CH
2025,7075,wildstrubel by UTMB - wild 25,25000.0,1150,MALE,20K,275,03:27:56,2022,CH
2025,7075,montreux trail festival - mxsky,30800.0,2240,MALE,50K,310,05:59:05,2022,CH
2025,7075,marathon du mont-blanc - 23 km du mont-blanc,24400.0,1657,MALE,20K,639,04:03:39,2022,FR
2025,7075,jura swiss trail - cabri 19k,19100.0,1310,MALE,20K,70,02:45:23,2022,CH
2025,7075,miut® - madeira island ultra-trail® - miut 16,15700.0,430,MALE,20K,61,01:40:22,2022,PT
2025,7076,le grand raid de la réunion - la mascareignes,72000.0,3874,MALE,100K,464,17:12:53,2021,FR
2025,7079,l'ultra marin raid golfe du morbihan - ronde des douaniers 34 km,33500.0,510,FEMALE,20K,791,03:48:44,2022,FR
2025,7081,le grand raid de la réunion - metis trail,50000.0,2598,MALE,50K,13,07:35:57,2024,FR
2025,7084,le grand raid de la réunion - metis trail,50000.0,2598,MALE,50K,25,08:19:46,2024,FR
2025,7084,dodo trail - trooper 25km,23700.0,1450,MALE,20K,14,03:35:10,2024,MU
2025,7084,la ferme trail - la ferme trail,23500.0,1050,MALE,20K,15,03:06:10,2023,MU
2025,7084,le grand raid de la réunion - la mascareignes,74100.0,4000,MALE,100K,220,14:00:54,2022,FR
2025,7084,trail des anglais - trail des anglais,28000.0,1260,MALE,20K,184,03:31:49,2020,FR
2025,7086,aymon trail - aymon trail #10 - 18 km,18000.0,800,MALE,20K,428,02:50:09,2024,FR
2025,7086,trail des 4 vents - 14 km du t4v,13400.0,500,MALE,,140,01:38:28,2023,FR
2025,7086,aymon trail - aymon trail #9 - 18 km,18000.0,1000,MALE,20K,503,03:09:40,2023,FR
2025,7087,challenge du montcalm - trail des mineurs,15000.0,850,MALE,20K,327,02:28:47,2025,FR
2025,7090,le grand raid de la réunion - la mascareignes,72000.0,4007,MALE,100K,599,17:35:39,2023,FR
2025,7090,le grand raid de la réunion - zembrocal trail relais3,41400.0,2700,MALE,50K,108,09:49:08,2022,FR
2025,7091,le grand raid de la réunion - la diagonale des fous,175000.0,10107,MALE,100M,1370,57:20:06,2024,FR
2025,7091,le grand raid de la réunion - trail de bourbon,109000.0,6328,MALE,100M,458,32:45:22,2023,FR
2025,7091,le grand raid de la réunion - la mascareignes,74100.0,4000,MALE,100K,1014,19:56:50,2022,FR
2025,7091,trail de minuit - trail de minuit,54200.0,3180,MALE,50K,718,13:23:44,2022,FR
2025,7091,trail des anglais - trail des anglais,28000.0,1260,MALE,20K,546,04:16:57,2020,FR
2025,7092,le grand raid de la réunion - metis trail,50000.0,2598,MALE,50K,232,12:03:16,2024,FR
2025,7096,trail du ventoux - le 46 origine,48000.0,2600,FEMALE,50K,963,08:26:33,2025,FR
2025,7096,21° trail du mont aigoual - la luzette - 22km,22000.0,720,FEMALE,20K,237,02:50:20,2024,FR
2025,7096,grands trails d'auvergne - initia -trail,14500.0,500,FEMALE,,144,01:52:43,2022,FR
2025,7099,trail verbier st bernard by UTMB - verbier marathon,42400.0,2940,MALE,50K,341,07:50:04,2025,CH
2025,7099,trail des brosses 2024 - tdb 50,50000.0,1200,MALE,50K,53,05:16:25,2024,FR
2025,7099,restonica trail by UTMB - tavignanu trail,33000.0,2270,MALE,50K,157,05:39:14,2024,FR
2025,7099,trail des marcaires - defi de muhlbach,32000.0,1600,MALE,20K,103,04:27:08,2024,FR
2025,7099,trail des passerelles du monteynard - trail de côte rouge,26000.0,1240,MALE,20K,147,03:13:18,2023,FR
2025,7099,trail des maures - trail des balcons des maures,22000.0,1120,MALE,20K,111,02:48:39,2023,FR
2025,7099,l'infernal trail des vosges - it 30,33700.0,1125,MALE,20K,188,04:01:47,2022,FR
2025,7099,marathon du mont-blanc - 23 km du mont-blanc,24400.0,1657,MALE,20K,328,03:37:27,2022,FR
2025,7099,trail de la vallée des lacs -  la géromée,18000.0,820,MALE,20K,67,02:03:49,2022,FR
2025,7103,le grand raid de la réunion - zembrocal trail relais4,54200.0,2090,MALE,50K,81,07:10:35,2021,FR
2025,7104,grand trail de la vallée d'ossau - solo,72000.0,4600,MALE,100K,330,17:08:06,2024,FR
2025,7104,senpereko trail - gotorlekuen itzulia 42km,41900.0,2525,MALE,50K,579,08:48:59,2024,FR
2025,7104,doi inthanon by UTMB - palace 20,25000.0,1290,MALE,20K,382,04:48:44,2023,TH
2025,7106,le grand raid de la réunion - trail de bourbon,101000.0,5835,MALE,100K,609,30:43:15,2024,FR
2025,7106,raid 974 - semi-raid 974,57000.0,2800,MALE,50K,344,14:51:23,2024,FR
2025,7106,mafate trail tour - ultra mafate trail tour,63400.0,4090,MALE,100K,149,14:24:51,2023,FR
2025,7106,le grand raid de la réunion - zembrocal trail relais1,37200.0,2720,MALE,50K,123,08:20:08,2023,FR
2025,7106,cimasarun - cumasarun,51700.0,3725,MALE,50K,561,12:23:06,2023,FR
2025,7106,le grand raid de la réunion - la diagonale des fous,168400.0,10250,MALE,100M,1671,58:51:34,2022,FR
2025,7108,trail godefroy | bouillon - trail godefroy | bouillon 34km,34540.0,1284,MALE,20K,139,04:32:16,2025,BE
2025,7108,les courses du mont-terrible - 23 k (la terrible),23500.0,850,MALE,20K,96,02:30:14,2025,CH
2025,7111,balcons de cauterets - 20km,20000.0,1200,MALE,20K,290,03:18:57,2025,FR
2025,7113,le grand raid de la réunion - trail de bourbon,109000.0,6328,MALE,100M,111,24:35:45,2023,FR
2025,7113,le grand raid de la réunion - la mascareignes,72000.0,3874,MALE,100K,133,13:42:08,2021,FR
2025,7113,trail des anglais - trail des anglais,28000.0,1260,MALE,20K,172,03:30:30,2020,FR
2025,7118,le grand raid de la réunion - la mascareignes,70000.0,3829,FEMALE,100K,1020,19:58:30,2024,FR
2025,7118,le grand raid de la réunion - la diagonale des fous,167300.0,9710,FEMALE,100M,1969,62:54:05,2023,FR
2025,7118,le grand raid de la réunion - trail de bourbon,105100.0,6131,FEMALE,100K,694,38:33:29,2021,FR
2025,7119,le grand raid de la réunion - trail de bourbon,109000.0,6328,MALE,100M,960,40:03:22,2023,FR
2025,7119,le grand raid de la réunion - zembrocal trail relais1,37200.0,2720,MALE,50K,141,08:24:10,2022,FR
2025,7119,le grand raid de la réunion - trail de bourbon,105100.0,6131,MALE,100K,457,34:11:24,2021,FR
2025,7122,le grand raid de la réunion - zembrocal trail relais1,37900.0,2769,MALE,50K,6,05:21:07,2024,FR
2025,7122,le grand raid de la réunion - la mascareignes,72000.0,4007,MALE,100K,211,14:11:22,2023,FR
2025,7122,le grand raid de la réunion - la mascareignes,74100.0,4000,MALE,100K,171,13:29:27,2022,FR
2025,7124,mauritius by UTMB - le morne,21500.0,741,FEMALE,20K,207,04:24:46,2024,MU
2025,7126,grand raid des pyrénées - tour du bastan,51400.0,3046,MALE,50K,378,10:41:27,2025,FR
2025,7126,tiken trail - 28 kms,27700.0,630,MALE,20K,159,03:16:36,2025,FR
2025,7126,grand raid des pyrénées - tour du néouvielle,41000.0,2400,MALE,50K,444,08:01:27,2024,FR
2025,7126,la 6000d trail de légende - la 6 découverte,11000.0,600,MALE,,78,01:17:39,2024,FR
2025,7126,l'ultra marin raid golfe du morbihan - arvor 56 km,59400.0,600,MALE,50K,583,06:42:10,2024,FR
2025,7126,tiken trail - 28 kms,27700.0,630,MALE,20K,192,03:22:22,2024,FR
2025,7126,l'ultra marin raid golfe du morbihan - ronde des douaniers 34 km,33000.0,510,MALE,20K,344,03:08:58,2023,FR
2025,7127,trail des passerelles du monteynard - maratrail,40000.0,2150,MALE,50K,485,06:39:26,2025,FR
2025,7127,trail alsace grand est by UTMB - trail des pèlerins,34600.0,1370,MALE,20K,583,04:31:30,2025,FR
2025,7127,hivernale des templiers - marathon de l'orchis 35k,34800.0,1410,MALE,20K,447,05:04:07,2024,FR
2025,7127,ultra trail haut-koenigsbourg ® - thk 25 km,25000.0,920,MALE,20K,365,03:03:17,2024,FR
2025,7127,maxi-race du lac d'annecy - demi-tour du lac d'annecy : marathon expérience,29400.0,1607,MALE,20K,1114,04:47:44,2024,FR
2025,7127,trail des forts de besançon - 30km,30000.0,900,MALE,20K,284,03:09:44,2023,FR
2025,7127,marathon du mont-blanc - 23 km du mont-blanc,24400.0,1657,MALE,20K,677,04:07:03,2022,FR
2025,7128,les crêtes vosgiennes - les crêtes vosgiennes,32700.000000000004,1280,MALE,20K,238,03:55:12,2025,FR
2025,7128,foulées du souvenir - foulées du souvenir,27800.0,1232,MALE,20K,290,03:26:35,2024,FR
2025,7128,trail du val d’argent - trail du val d argent ,43000.0,2000,MALE,50K,94,05:59:03,2024,FR
2025,7128,les vosgirunners trails nature - grand dÉfi des vosges,42800.0,1500,MALE,50K,226,05:36:08,2024,FR
2025,7128,marathon du grand ballon - 42km,42000.0,2210,MALE,50K,168,05:33:06,2023,FR
2025,7128,tschirgant skyrun - ts26,26600.0,1920,MALE,20K,81,04:18:56,2023,AT
2025,7128,les vosgirunners trails nature - grand dÉfi des vosges,42800.0,1500,MALE,50K,166,05:14:51,2023,FR
2025,7128,les crêtes vosgiennes - les crêtes vosgiennes,33000.0,1220,MALE,20K,317,04:20:37,2022,FR
2025,7128,la champduf 2022 - trail du banc du centenaire,35000.0,1260,MALE,20K,39,05:08:52,2022,FR
2025,7128,les vosgirunners trails nature - la mac vi,25100.0,1310,MALE,20K,108,02:52:35,2022,FR
2025,7130,trail des combrailles - les 2 barrages,37000.0,1440,MALE,50K,91,04:58:36,2023,FR
2025,7130,grands trails d'auvergne  (sommet national du trail) - trail des druides,48900.0,1890,MALE,50K,142,06:27:20,2023,FR
2025,7131,le grand raid de la réunion - la diagonale des fous,167300.0,9710,MALE,100M,1810,61:00:34,2023,FR
2025,7131,le grand raid de la réunion - zembrocal trail relais2,38100.0,1300,MALE,50K,89,05:46:19,2021,FR
2025,7134,le grand raid de la réunion - metis trail,50000.0,2598,MALE,50K,383,13:37:25,2024,FR
2025,7134,raid 974 - semi-raid 974,57000.0,2800,MALE,50K,208,12:26:10,2024,FR
2025,7134,trail de minuit - trail de minuit,54200.0,3180,MALE,50K,785,13:49:06,2022,FR
2025,7135,raid 974 - semi-raid 974,57000.0,2800,FEMALE,50K,279,13:35:58,2024,FR
2025,7135,le grand raid de la réunion - zembrocal trail relais3,41400.0,2700,FEMALE,50K,133,11:10:36,2023,FR
2025,7137,l'infernal trail des vosges - it 15,14500.0,501,FEMALE,,689,02:14:43,2025,FR
2025,7137,le grand raid de la réunion - metis trail,50000.0,2598,FEMALE,50K,385,13:37:36,2024,FR
2025,7138,entrelacs run and trail - trail des hauts du lac,37000.0,1700,MALE,50K,282,05:25:03,2025,FR
2025,7138,trail des glières - ecureuil fou 41 km,41000.0,2300,MALE,50K,154,07:26:11,2024,FR
2025,7138,maxi-race du lac d'annecy - demi-tour du lac d'annecy : marathon expérience,29400.0,1607,MALE,20K,693,04:19:24,2024,FR
2025,7138,trail du laudon - trail de la bauche,25000.0,1100,MALE,20K,106,03:27:33,2024,FR
2025,7138,entrelacs run and trail - trail des hauts du lac,37000.0,1700,MALE,50K,269,05:29:31,2024,FR
2025,7141,la diagonale des yvelines - trail 20 km,22000.0,349,MALE,20K,186,02:20:12,2025,FR
2025,7144,hivernale des templiers - marathon de l'orchis 35k,34800.0,1410,MALE,20K,391,04:52:48,2024,FR
2025,7144,pibeste integral - integrale des mouflons,24000.0,1750,MALE,20K,262,04:40:17,2024,FR
2025,7144,ecotrail paris® - trail 30 km,30500.0,520,MALE,20K,398,02:49:27,2022,FR
2025,7146,le grand raid de la réunion - metis trail,50000.0,2598,MALE,50K,297,12:44:08,2024,FR
2025,7147,le grand raid de la réunion - la mascareignes,72000.0,4007,MALE,100K,672,18:08:18,2023,FR
2025,7147,le grand raid de la réunion - la diagonale des fous,160200.0,9377,MALE,100M,356,41:14:46,2021,FR
2025,7147,caldeira trail - ultra caldeira trail,71200.0,1880,MALE,50K,88,13:23:56,2020,FR
2025,7148,raid 974 - semi-raid 974,57000.0,2800,MALE,50K,369,15:45:38,2024,FR
2025,7148,caldeira trail - ultra caldeira trail,71200.0,1880,MALE,50K,321,19:18:40,2020,FR
2025,7149,senpereko trail - senpereko trail 21km,20900.0,1070,MALE,20K,657,03:23:46,2025,FR
2025,7150,ecotrail paris® - trail 30 km,31600.0,420,MALE,20K,1666,03:28:33,2025,FR
2025,7150,volvic volcanic expérience - ultra-trail terra volcana,80000.0,2700,MALE,100K,252,12:01:26,2023,FR
2025,7150,ecotrail paris® - trail 45km,45800.0,930,MALE,50K,652,05:10:14,2023,FR
2025,7150,la transju'trail - le 40km de la transju'trail,37300.0,2070,MALE,50K,207,06:33:50,2022,FR
2025,7150,greenweez maxi-race - marathon-expérience,45500.0,2422,MALE,50K,419,07:47:03,2021,FR
2025,7151,marathon du mont-blanc - duo étoilé,21500.0,1570,MALE,20K,444,04:37:01,2025,FR
2025,7151,marathon du mont-blanc - 23 km du mont-blanc,24400.0,1657,MALE,20K,1312,04:55:54,2022,FR
2025,7154,trail des anglais - trail des anglais,28000.0,1260,FEMALE,20K,446,04:06:24,2020,FR
2025,7155,a la conquete des avaloirs - trail court 35km,35000.0,700,FEMALE,20K,116,03:58:43,2025,FR
2025,7155,ultra trail cote d'azur mercantour - utcam - 30km,29080.0,2157,FEMALE,50K,475,06:36:41,2025,FR
2025,7155,ecotrail paris® - trail 18km,18600.0,461,FEMALE,20K,614,01:59:42,2025,FR
2025,7155,maxi-race du lac d'annecy - euro-open-up&down : quart de tour 100% femme / femina race,16700.0,950,FEMALE,20K,77,02:33:32,2024,FR
2025,7155,ecotrail paris® - trail 30 km,31300.0,520,FEMALE,20K,1618,03:23:47,2024,FR
2025,7157,marathon du mont-blanc - 42 km du mont-blanc,43600.0,2550,MALE,50K,222,06:00:49,2025,FR
2025,7157,la romagnatoise - romagnatorix,13000.0,440,MALE,,25,01:00:08,2025,FR
2025,7157,festival des templiers - grand trail des templiers,80400.0,3429,MALE,100K,795,12:17:58,2024,FR
2025,7157,la romagnatoise - romagnatorix,13000.0,440,MALE,,33,01:04:07,2024,FR
2025,7157,ultra trail du puy mary aurillac - grand trail du lioran,50000.0,1800,MALE,50K,144,07:10:15,2023,FR
2025,7157,restonica trail by UTMB - tavignanu trail,32500.0,2270,MALE,50K,53,05:01:47,2022,FR
2025,7157,trail du saint-jacques by UTMB® - maratrail du saint-jacques,43000.0,1450,MALE,50K,61,04:52:22,2022,FR
2025,7157,aude trails cathares - trail des seigneurs 32km,32000.0,2108,MALE,50K,25,05:10:37,2022,FR
2025,7158,le grand raid de la réunion - metis trail,50000.0,2598,MALE,50K,11,07:30:32,2024,FR
2025,7158,trail des anglais - trail des anglais,28000.0,1260,MALE,20K,196,03:33:25,2020,FR
2025,7161,festival des templiers - marathon des causses,36100.0,1641,MALE,50K,746,06:39:33,2024,FR
2025,7161,la montagn'hard - la montagn'hard bif et arrêt les contamines,42000.0,2900,MALE,50K,68,10:19:50,2024,FR
2025,7161,trail du patois - trail du patois,29000.0,700,MALE,20K,242,03:35:04,2024,FR
2025,7161,trail du ventoux - le 46 origine,41000.0,2350,MALE,50K,1093,07:35:36,2024,FR
2025,7161,trail d2b - moyenne distance,23500.0,150,MALE,20K,527,02:23:36,2024,FR
2025,7161,marathon du mont-blanc - 23 km du mont-blanc,24400.0,1657,MALE,20K,1042,04:33:39,2022,FR
2025,7161,maxicross - 27 km,28900.0,1100,MALE,20K,669,04:16:21,2022,FR
2025,7162,trail des fantômes - trail des fantÔmes 35km,35000.0,1380,MALE,20K,198,05:19:22,2025,BE
2025,7162,trail godefroy | bouillon - 34km,34000.0,1150,MALE,20K,227,04:15:01,2024,BE
2025,7162,trail de chimay - trail de chimay 24km,24000.0,580,MALE,20K,93,02:14:07,2024,BE
2025,7162,houffatrail - houffa trail 19km,19300.0,590,MALE,20K,110,02:09:55,2024,BE
2025,7162,houffatrail - houffa trail 10km,10000.0,340,MALE,,88,01:02:45,2024,BE
2025,7162,crêtes de spa - crêtes de spa 32km,32000.0,1045,MALE,20K,123,03:35:58,2023,BE
2025,7163,garmin ultra race gdańsk - gur12 gdaŃsk,12000.0,250,FEMALE,,306,01:19:27,2024,PL
2025,7163,ultramarathon górski - 3 x sniezka  - mini,18600.0,1040,FEMALE,20K,237,03:26:32,2024,PL
2025,7163,garmin ultra race radkÓw - gur24,24000.0,800,FEMALE,20K,225,03:58:56,2023,PL
2025,7163,lower silesian mountain runs festival - zloty polmaraton,21000.0,1000,FEMALE,20K,822,04:12:04,2023,PL
2025,7163,górski zimowy maraton Ślężański - półmaraton,23900.0,570,FEMALE,20K,351,03:29:09,2022,PL
2025,7167,leopard ultra-trail® du mullerthal luxembourg - trail,33400.0,1250,MALE,20K,149,04:39:55,2025,LU
2025,7167,trail des marcaires - defi de muhlbach,34000.0,1600,MALE,50K,304,05:21:43,2025,FR
2025,7169,trail de minuit - trail de minuit,56400.0,3180,MALE,50K,816,13:35:25,2020,FR
2025,7171,trail des chateaux - trail d'harcourt,26000.0,800,MALE,20K,53,02:53:52,2025,FR
2025,7171,challenge du montcalm - trail des novis,25000.0,1250,MALE,20K,55,02:48:45,2025,FR
2025,7173,le grand raid de la réunion - trail de bourbon,101000.0,5835,FEMALE,100K,956,39:33:21,2024,FR
2025,7174,le grand raid de la réunion - la mascareignes,70000.0,3829,MALE,100K,147,12:57:34,2024,FR
2025,7174,le grand raid de la réunion - trail de bourbon,109200.0,5960,MALE,100K,189,27:14:48,2022,FR
2025,7174,le grand raid de la réunion - trail de bourbon,105100.0,6131,MALE,100K,174,26:39:11,2021,FR
2025,7175,le grand raid de la réunion - la mascareignes,74100.0,4000,MALE,100K,865,18:54:03,2022,FR
2025,7175,trail de minuit - trail de minuit,56400.0,3180,MALE,50K,739,13:02:36,2020,FR
2025,7176,ultra trail des montagnes du jura - la cmm,42420.0,1149,MALE,50K,1062,06:22:28,2024,FR
2025,7177,l'ultra by huyfortrail - la classique by huyfortrail,20000.0,600,MALE,20K,131,03:00:53,2025,BE
2025,7177,l'enfer du viroin - l'enfer du viroin,25000.0,730,MALE,20K,181,04:11:31,2025,BE
2025,7177,trail de dinant - trail de dinant - 30 km ,30000.0,946,MALE,20K,308,05:04:27,2025,BE
2025,7177,ohm trail - ohm trail light,25000.0,1250,MALE,20K,484,04:22:31,2025,BE
2025,7177,grand trail des lacs et chateaux summer edition (gtlc) - gt42,44260.0,1592,MALE,50K,487,08:50:27,2025,BE
2025,7177,peru trail series calango - pts calango 21km,21000.0,1005,MALE,20K,153,04:04:06,2025,PE
2025,7177,olne spa olne - olne spa olne,71000.0,2380,MALE,50K,687,13:21:24,2024,BE
2025,7177,grand trail des lacs & châteaux winter edition (gtlc)  - gt35,36000.0,1340,MALE,20K,440,05:51:34,2024,BE
2025,7177,grizzly100 - bear trail 39km ,38970.0,972,MALE,20K,132,05:07:08,2024,BE
2025,7177,uTDS - trail des sources - uTDS - 42k,42000.0,1260,MALE,50K,124,06:20:16,2024,BE
2025,7177,tenerife bluetrail by UTMB - tenerife bluetrail 47k,47000.0,2600,MALE,50K,654,11:01:29,2024,ES
2025,7177,trail alsace grand est by UTMB - trail des celtes,50000.0,1980,MALE,50K,1670,09:36:15,2024,FR
2025,7177,legends ardennes trail - legends ardennes trail 30 km,33000.0,900,MALE,20K,122,05:03:47,2024,BE
2025,7177,marathon des sables morocco - hmds morocco 2023 - 120km,106000.0,1567,MALE,100K,171,22:10:27,2023,MA
2025,7177,ultra trail des sources - uTDS - 42k,42000.0,1260,MALE,50K,149,06:52:09,2023,BE
2025,7177,ohm trail - ohm trail light,25000.0,1250,MALE,20K,333,04:13:09,2023,BE
2025,7177,grand trail des lacs et chateaux summer edition (gtlc) - gt16,16500.0,770,MALE,20K,157,02:10:57,2023,BE
2025,7177,half marathon des sables jordan - hmds jordan 2022 - 120km,114000.0,2641,MALE,100K,70,20:56:37,2022,JO
2025,7177,grand trail des lacs & châteaux winter edition (gtlc)  - gt22,23000.0,1120,MALE,20K,334,03:25:32,2022,BE
2025,7177,festival des templiers - intégrale des causses,67100.0,3000,MALE,50K,534,16:02:58,2022,FR
2025,7177,the longest day trail - 27km,27000.0,900,MALE,20K,68,03:45:48,2022,BE
2025,7177,grand trail des lacs et chateaux summer edition (gtlc) - gt42,43700.0,1820,MALE,50K,379,07:30:01,2022,BE
2025,7181,le grand raid de la réunion - la diagonale des fous,175000.0,10107,MALE,100M,1210,55:06:42,2024,FR
2025,7181,raid 974 - semi-raid 974,57000.0,2800,MALE,50K,191,12:01:11,2024,FR
2025,7181,le grand raid de la réunion - la diagonale des fous,167300.0,9710,MALE,100M,1136,50:33:52,2023,FR
2025,7181,trail de minuit - trail de minuit,54200.0,3180,MALE,50K,135,09:39:50,2022,FR
2025,7184,le grand raid de la réunion - la mascareignes,74100.0,4000,MALE,100K,505,16:20:22,2022,FR
2025,7187,le grand raid de la réunion - trail de bourbon,109200.0,5960,MALE,100K,854,41:42:34,2022,FR
2025,7187,le grand raid de la réunion - trail de bourbon,105100.0,6131,MALE,100K,645,37:42:09,2021,FR
2025,7188,trail du grand ballon - trail du grand ballon 48km,49000.0,2517,MALE,50K,435,08:47:07,2025,FR
2025,7188,walditrail - walditrail 24k,24900.0,488,MALE,20K,96,02:26:40,2025,FR
2025,7188,trail des comtes de crehange - 25 km trail des comtes de crehange,25300.0,520,MALE,20K,128,02:41:12,2025,FR
2025,7188,trail du saint quentin - la mérovingienne,29900.0,990,MALE,20K,56,03:45:53,2022,FR
2025,7191,le grand raid de la réunion - trail de bourbon,109200.0,5960,MALE,100K,863,42:15:02,2022,FR
2025,7191,le grand raid de la réunion - trail de bourbon,105100.0,6131,MALE,100K,542,35:59:07,2021,FR
2025,7196,le grand raid de la réunion - zembrocal trail relais4,32299.999999999996,1302,MALE,20K,50,06:42:10,2024,FR
2025,7196,le grand raid de la réunion - la mascareignes,72000.0,4007,MALE,100K,567,17:21:31,2023,FR
2025,7196,le grand raid de la réunion - trail de bourbon,109200.0,5960,MALE,100K,488,34:45:55,2022,FR
2025,7196,le grand raid de la réunion - zembrocal trail relais3,48200.0,4110,MALE,50K,38,16:14:15,2021,FR
2025,7197,trail edf val cenis - trail bleu,43000.0,2500,MALE,50K,242,08:29:26,2025,FR
2025,7197,trail des marcaires - defi de muhlbach,34000.0,1600,MALE,50K,383,05:49:37,2025,FR
2025,7197,ceven'trail - marathon de la toureille 42km,42000.0,2200,MALE,50K,211,07:13:18,2025,FR
2025,7197,grands trails d'auvergne (sommet national du trail) - trail des  druides (solo),49000.0,2028,MALE,50K,518,07:23:47,2024,FR
2025,7197,trail de vulcain - marathon volcanique,48000.0,1840,MALE,50K,490,07:17:48,2024,FR
2025,7197,festival des templiers - boffi fifty,47000.0,2370,MALE,50K,500,08:56:13,2023,FR
2025,7197,ardeche trail - la voie romaine - la virée des chateaux - 36km,36000.0,1700,MALE,50K,266,05:05:02,2023,FR
2025,7197,grand trail du lac - 34 km,34000.0,2020,MALE,50K,471,06:22:29,2022,FR
2025,7197,les trails du sancy - le trail du sancy,33300.0,2000,MALE,50K,612,05:58:57,2022,FR
2025,7197,trans aubrac - trail du capuchadou,52800.0,1400,MALE,50K,347,07:55:13,2022,FR
2025,7200,raid 974 - raid 974,99000.0,5500,MALE,100K,123,30:52:36,2024,FR
2025,7200,le grand raid de la réunion - trail de bourbon,109200.0,5960,MALE,100K,417,33:29:46,2022,FR
2025,7200,le grand raid de la réunion - la mascareignes,72000.0,3874,MALE,100K,440,16:57:56,2021,FR
2025,7201,le grand raid de la réunion - metis trail,50000.0,2598,MALE,50K,5,06:49:04,2024,FR
2025,7201,le grand raid de la réunion - la mascareignes,72000.0,4007,MALE,100K,31,11:05:26,2023,FR
2025,7201,ultra tour des 4 massifs - ut4m20 vercors,20000.0,1900,MALE,20K,1,02:18:38,2023,FR
2025,7201,trail des mélèzes du mercantour - 25km,26400.0,1710,MALE,20K,4,02:50:30,2022,FR
2025,7202,fest'trail causses & rougier - la montaigut,30500.0,1350,FEMALE,20K,145,04:15:22,2025,FR
2025,7202,challenge du montcalm - trail des novis,25000.0,1250,FEMALE,20K,303,03:33:53,2025,FR
2025,7202,trail les terrasses du lodévois - 47 km,47000.0,2000,FEMALE,50K,211,07:33:37,2025,FR
2025,7202,trail de la cité de pierres - 31km classic,31000.0,1520,FEMALE,20K,317,04:53:38,2025,FR
2025,7202,challenge du montcalm - marathon du montcalm ,40000.0,2750,FEMALE,50K,340,08:57:35,2024,FR
2025,7202,les trails de la factrice - trail de la factrice,32600.0,1890,FEMALE,50K,123,04:31:38,2024,FR
2025,7202,trail drome - le saint-julien ,21000.0,950,FEMALE,20K,870,02:40:34,2024,FR
2025,7202,trail de la cité de pierres - 31km classic,31000.0,1520,FEMALE,20K,235,04:57:33,2024,FR
2025,7202,trail de fontfroide - trail de fontfroide,35000.0,1300,FEMALE,20K,348,04:53:40,2024,FR
2025,7202,la veni vici - la veni vici - 27 km,27800.0,640,FEMALE,20K,703,03:04:55,2023,FR
2025,7202,20° trail du mont aigoual - la luzette - 22km,22000.0,720,FEMALE,20K,188,02:51:44,2023,FR
2025,7206,UTMB® - occ,56300.0,3476,MALE,50K,945,11:19:04,2021,FR
2025,7208,hoka UTMB mont-blanc - mcc,40000.0,2350,MALE,50K,1024,08:37:02,2024,FR
2025,7208,trail du tour des fiz - balcon des fiz,15000.0,950,MALE,20K,420,03:32:12,2024,FR
2025,7208,wildstrubel by UTMB - wild 50,53000.0,3300,MALE,50K,796,12:27:34,2023,CH
2025,7208,dacia UTMB® mont blanc - occ,55000.0,3425,MALE,50K,1474,12:43:58,2023,FR
2025,7208,marathon du mont-blanc - duo étoilé,21500.0,1570,MALE,20K,470,04:42:42,2023,FR
2025,7208,ultra-trail snowdonia by UTMB® - uts 50k,55000.0,3300,MALE,50K,877,13:43:42,2023,GB
2025,7208,nice côte d’azur by UTMB® - nice 20k,16800.0,626,MALE,20K,714,02:46:40,2022,FR
2025,7208,wildstrubel by UTMB - wild 25,25000.0,1150,MALE,20K,494,04:20:09,2022,CH
2025,7208,UTMB® mont blanc - mcc,41200.0,2470,MALE,50K,754,09:01:18,2022,FR
2025,7208,marathon du mont-blanc - 23 km du mont-blanc,24400.0,1657,MALE,20K,1446,05:06:05,2022,FR
2025,7213,monaco run - trail du mont - agel,30000.0,1512,MALE,20K,266,04:37:38,2025,MC
2025,7213,trail de l'energie - 17km ,18000.0,1140,MALE,20K,66,02:33:39,2024,FR
2025,7213,lozère trail - version longue,53000.0,2360,MALE,50K,131,09:32:42,2021,FR
2025,7213,trails des millefonts - marathon des millefonts,42700.0,3160,MALE,50K,88,10:06:30,2021,FR
2025,7216,raid 974 - semi-raid 974,61000.0,2426,MALE,50K,79,11:55:40,2023,FR
2025,7216,le grand raid de la réunion - la mascareignes,74100.0,4000,MALE,100K,333,15:04:46,2022,FR
2025,7216,le grand raid de la réunion - trail de bourbon,105100.0,6131,MALE,100K,128,25:01:04,2021,FR
2025,7216,caldeira trail - bruleries de la fournaise,47400.0,1130,MALE,50K,52,07:06:38,2020,FR
2025,7217,le grand raid de la réunion - la mascareignes,74100.0,4000,MALE,100K,139,13:07:13,2022,FR
2025,7217,le grand raid de la réunion - la mascareignes,72000.0,3874,MALE,100K,91,12:54:50,2021,FR
2025,7217,trail de minuit - trail de minuit,56400.0,3180,MALE,50K,154,09:19:23,2020,FR
2025,7218,le grand raid de la réunion - metis trail,50000.0,2598,MALE,50K,198,11:31:52,2024,FR
2025,7219,trail de minuit - trail de minuit,56400.0,3180,FEMALE,50K,790,13:22:51,2020,FR
2025,7219,trail des anglais - trail des anglais,28000.0,1260,FEMALE,20K,794,04:41:53,2020,FR
2025,7220,mauritius by UTMB - bel ombre,59100.0,1790,MALE,50K,21,07:05:24,2024,MU
2025,7220,le grand raid de la réunion - la mascareignes,74100.0,4000,MALE,100K,130,12:58:36,2022,FR
2025,7220,trail de la savane - 28km,25000.0,900,MALE,20K,17,02:10:31,2020,FR
2025,7223,le belier - trail 42km | le marathon du bélier,42950.0,1930,MALE,50K,220,05:55:50,2024,FR
2025,7223,maxi-race du lac d'annecy - maxi-challenger,48000.0,2500,MALE,50K,108,08:07:22,2024,FR
2025,7223,la asics saintélyon - la saintélyon,78000.0,2201,MALE,100K,3075,11:25:07,2023,FR
2025,7223,trail des aiguilles rouges - tar,55200.0,3570,MALE,50K,526,11:45:23,2023,FR
2025,7223,marathon du mont-blanc - 90 km du mont-blanc,90200.0,7000,MALE,100K,644,22:04:22,2023,FR
2025,7223,maxi-race du lac d'annecy - maxi-challenger,44800.0,2490,MALE,50K,106,08:13:06,2023,FR
2025,7223,le grand raid de la réunion - la diagonale des fous,168400.0,10250,MALE,100M,973,48:41:14,2022,FR
2025,7223,le belier - trail 27km | le bélier,27000.0,1000,MALE,20K,459,03:13:15,2022,FR
2025,7223,trail des cabornis - 22 km duo,21600.0,1020,MALE,20K,20,02:20:20,2022,FR
2025,7226,ultra-trail® du haut-giffre - tour de bostan,32900.0,2150,FEMALE,50K,658,07:39:32,2025,FR
2025,7226,trail des maures - trail des balcons des maures,22000.0,1120,FEMALE,20K,483,03:54:06,2025,FR
2025,7227,trail des géants - le méga trail de l'ouest ,83000.0,3050,FEMALE,100K,262,21:23:30,2025,FR
2025,7227,le grand raid de la réunion - la mascareignes,70000.0,3829,FEMALE,100K,1056,20:11:46,2024,FR
2025,7227,cimasarun - cumasarun,56200.0,3818,FEMALE,50K,914,17:05:28,2024,FR
2025,7227,raid 974 - semi-raid 974,57000.0,2800,FEMALE,50K,343,14:50:44,2024,FR
2025,7227,mafate trail tour - mafate trail tour,53900.0,3560,FEMALE,50K,470,13:24:55,2023,FR
2025,7227,le grand raid de la réunion - la mascareignes,72000.0,4007,FEMALE,100K,668,18:07:02,2023,FR
2025,7227,raid 974 - semi-raid 974,61000.0,2426,FEMALE,50K,258,16:06:06,2023,FR
2025,7227,le grand raid de la réunion - la diagonale des fous,168400.0,10250,FEMALE,100M,1812,60:51:58,2022,FR
2025,7227,trail de minuit - trail de minuit,54200.0,3180,FEMALE,50K,644,12:50:04,2022,FR
2025,7229,le grand raid de la réunion - zembrocal trail relais4,32299.999999999996,1302,MALE,20K,120,07:58:02,2024,FR
2025,7230,swisspeaks trail - marathon,45930.0,2481,FEMALE,50K,471,13:08:25,2025,CH
2025,7230,trail hyeges verdon - les robines,27000.0,1100,FEMALE,20K,145,05:29:56,2025,FR
2025,7231,swisspeaks trail - marathon,45930.0,2481,MALE,50K,237,08:13:55,2025,CH
2025,7231,trail hyeges verdon - le marathon,45000.0,2300,MALE,50K,49,08:08:16,2025,FR
2025,7233,l'ultra marin raid golfe du morbihan - ronde des douaniers 34 km,33500.0,510,MALE,20K,369,03:19:08,2022,FR
2025,7236,le grand raid de la réunion - zembrocal trail relais1,37200.0,2720,MALE,50K,143,08:26:24,2022,FR
2025,7236,le grand raid de la réunion - la diagonale des fous,160200.0,9377,MALE,100M,1610,59:43:43,2021,FR
2025,7240,trail des fantômes - trail des fantÔmes 25km,25900.0,1110,FEMALE,20K,79,03:19:10,2025,BE
2025,7240,trail de la croix des carmes - trail de la croix des carmes,30000.0,1000,FEMALE,20K,44,03:40:38,2024,FR
2025,7240,trail de la dent de broc - tdb | 23.5km,23000.0,1700,FEMALE,20K,70,03:27:55,2024,CH
2025,7240,ultra trail grand ballon - 22km,22000.0,1200,FEMALE,20K,52,02:38:32,2024,FR
2025,7240,ardennes-mégatrail - lst (le saut thibault),26000.0,1200,FEMALE,20K,68,03:07:52,2024,FR
2025,7241,dodo trail - xtreme 50km,50000.0,3500,MALE,50K,16,07:59:08,2023,MU
2025,7241,le grand raid de la réunion - la mascareignes,74100.0,4000,MALE,100K,24,10:51:28,2022,FR
2025,7241,le grand raid de la réunion - la mascareignes,72000.0,3874,MALE,100K,64,12:26:13,2021,FR
2025,7241,trail des anglais - trail des anglais,28000.0,1260,MALE,20K,23,02:55:52,2020,FR
2025,7242,ecotrail paris® - trail 30 km,31600.0,420,MALE,20K,250,02:41:23,2025,FR
2025,7243,menestrail - la crapahute,14000.0,300,MALE,,248,01:36:06,2024,FR
2025,7243,menestrail - le menestrail,24000.0,800,MALE,20K,125,02:43:54,2024,FR
2025,7245,ultra-trail du fjord du sagneuay - utfs 50km,50000.0,2030,FEMALE,50K,136,09:50:59,2025,CA
2025,7245,hoka UTMB mont-blanc - occ,57000.0,3500,FEMALE,50K,899,11:44:34,2024,FR
2025,7245,puerto vallarta méxico by UTMB - haramara 33k,33000.0,1550,FEMALE,20K,103,06:40:57,2023,MX
2025,7245,ultra-trail harricana du canada - 42 km saint-siméon,41400.0,1640,FEMALE,50K,123,06:59:42,2023,CA
2025,7245,val d’aran by UTMB® - pda,55000.0,3360,FEMALE,50K,805,11:19:12,2023,ES
2025,7245,bromont ultra - 55km,55000.0,2360,FEMALE,50K,166,08:28:40,2022,CA
2025,7248,le grand raid de la réunion - la mascareignes,70000.0,3829,FEMALE,100K,582,16:27:56,2024,FR
2025,7248,le grand raid de la réunion - la mascareignes,72000.0,3874,FEMALE,100K,348,16:16:11,2021,FR
2025,7248,trail des anglais - trail des anglais,28000.0,1260,FEMALE,20K,629,04:28:08,2020,FR
2025,7252,le grand raid de la réunion - la mascareignes,70000.0,3829,FEMALE,100K,262,14:01:05,2024,FR
2025,7252,le grand raid de la réunion - la diagonale des fous,168400.0,10250,FEMALE,100M,666,45:26:46,2022,FR
2025,7252,le grand raid de la réunion - zembrocal trail relais3,48200.0,4110,FEMALE,50K,21,14:35:36,2021,FR
2025,7254,le grand raid de la réunion - la mascareignes,74100.0,4000,MALE,100K,869,18:56:34,2022,FR
2025,7254,le grand raid de la réunion - la diagonale des fous,160200.0,9377,MALE,100M,1548,58:50:14,2021,FR
2025,7256,ecotrail paris® - trail 18km,18600.0,461,FEMALE,20K,2422,02:42:42,2025,FR
2025,7256,lavaredo ultra trail by UTMB® - lavaredo 10k,9900.0,193,FEMALE,,208,01:02:18,2024,IT
2025,7256,ecotrail paris® - trail 18km,18600.0,400,FEMALE,20K,1706,02:08:19,2024,FR
2025,7260,trail de la grande champagne - estival - l'orchis,15000.0,509,MALE,20K,239,02:06:29,2025,FR
2025,7260,trail de la grande champagne - estival - l'orchis,15000.0,509,MALE,20K,149,01:53:53,2024,FR
2025,7264,le grand raid de la réunion - la mascareignes,72000.0,4007,FEMALE,100K,336,15:23:04,2023,FR
2025,7267,le grand raid de la réunion - trail de bourbon,109000.0,6328,MALE,100M,295,29:16:10,2023,FR
2025,7267,le grand raid de la réunion - la diagonale des fous,168400.0,10250,MALE,100M,718,46:17:16,2022,FR
2025,7267,trail de minuit - trail de minuit,54200.0,3180,MALE,50K,308,10:54:42,2022,FR
2025,7267,le grand raid de la réunion - zembrocal trail relais2,38100.0,1300,MALE,50K,24,04:40:00,2021,FR
2025,7267,trail de la savane - 28km,25000.0,900,MALE,20K,89,02:50:55,2020,FR
2025,7269,mountain ultra trail by UTMB® - mut 100 by UTMB,100300.0,4300,MALE,100K,26,17:15:25,2025,ZA
2025,7269,le grand raid de la réunion - trail de bourbon,101000.0,5835,MALE,100K,117,21:17:11,2024,FR
2025,7269,le grand raid de la réunion - la diagonale des fous,167300.0,9710,MALE,100M,238,38:45:12,2023,FR
2025,7269,trail de haute provence - cap à lure,79400.0,3470,MALE,100K,49,10:51:47,2023,FR
2025,7269,caldeira trail - trail des bruleries de la fournaise,44000.0,2800,MALE,50K,21,06:44:17,2023,FR
2025,7269,le grand raid de la réunion - la diagonale des fous,168400.0,10250,MALE,100M,223,38:27:05,2022,FR
2025,7269,grand raid des pyrénées - tour des cirques,120000.0,8000,MALE,100M,205,32:07:49,2022,FR
2025,7270,grand raid camargue - trail de camargue,30000.0,26,MALE,20K,90,02:53:55,2024,FR
2025,7274,le grand raid de la réunion - trail de bourbon,101000.0,5835,MALE,100K,320,25:23:06,2024,FR
2025,7274,le grand raid de la réunion - zembrocal trail relais3,41400.0,2700,MALE,50K,25,07:52:17,2023,FR
2025,7274,cimasarun - cumasarun,51700.0,3725,MALE,50K,322,11:02:42,2023,FR
2025,7274,le grand raid de la réunion - la mascareignes,74100.0,4000,MALE,100K,325,14:59:21,2022,FR
2025,7276,trail de nantes à montaigu - trail de la digue,53800.0,634,MALE,50K,35,05:05:50,2025,FR
2025,7276,trail de la cÔte d'Émeraude - trail long de la côte d'Émeraude 54k,54850.0,1273,MALE,50K,190,05:50:04,2025,FR
2025,7276,l'ultra marin raid golfe du morbihan - arvor 56 km,59500.0,600,MALE,50K,1641,08:38:19,2025,FR
2025,7276,le havre urban trail - marathon,42000.0,1200,MALE,50K,106,04:33:05,2025,FR
2025,7276,le grand raid de la réunion - la mascareignes,70000.0,3829,MALE,100K,509,15:57:01,2024,FR
2025,7276,patou trail - marathon,42000.0,3450,MALE,50K,119,07:30:18,2024,FR
2025,7276,le havre urban trail - marathon,42000.0,1200,MALE,50K,32,04:13:18,2024,FR
2025,7276,le havre urban trail - marathlon - solo,42000.0,1248,MALE,50K,111,04:54:23,2023,FR
2025,7276,caldeira trail - trail des bruleries de la fournaise,44000.0,2800,MALE,50K,78,07:54:11,2023,FR
2025,7278,le grand raid de la réunion - zembrocal trail relais4,32299.999999999996,1302,MALE,20K,80,07:23:15,2024,FR
2025,7280,nice côte d’azur by UTMB® - roubion - nice - 100k,108200.0,5520,FEMALE,100K,739,27:51:27,2025,FR
2025,7280,hoka UTMB mont-blanc - CCC,101000.0,6050,FEMALE,100K,1599,26:23:24,2024,FR
2025,7280,doi inthanon by UTMB - hmong 50,50000.0,2870,FEMALE,50K,766,10:33:22,2023,TH
2025,7280,mafate trail tour - mafate trail tour,53900.0,3560,FEMALE,50K,577,15:49:28,2023,FR
2025,7280,ultra tour des 4 massifs - ut4m 40 chartreuse,41100.0,2690,FEMALE,50K,275,09:18:43,2022,FR
2025,7281,restonica trail by UTMB - tt50k,33100.0,2260,MALE,50K,892,09:21:42,2025,FR
2025,7281,trail de haute provence - thp20,22000.0,790,MALE,20K,287,03:23:07,2025,FR
2025,7282,ultra 01 - tiger balm ultra 01 marathon,45000.0,1757,MALE,50K,63,04:55:41,2025,FR
2025,7282,ultra trail des montagnes du jura - la lynx,20020.0,744,MALE,20K,22,01:37:06,2024,FR
2025,7287,val tho summit games - vt trail pursuit 20 km,19700.0,870,FEMALE,20K,237,03:46:43,2025,FR
2025,7287,trail de vulcain - riom limagne & volcans,28000.0,870,FEMALE,20K,521,04:33:01,2025,FR
2025,7287,maxicross - 10 km,11300.0,465,FEMALE,,331,01:35:26,2025,FR
2025,7287,festival des templiers - marathon du larzac,33700.0,1367,FEMALE,20K,464,07:33:38,2024,FR
2025,7287,restonica trail by UTMB - giru di tumbone,17800.0,664,FEMALE,20K,493,03:00:43,2024,FR
2025,7287,trail des gorges de l'ardèche - les balcons,23000.0,1090,FEMALE,20K,362,04:42:55,2024,FR
2025,7287,trail des 2 amants - decouv'tda 15,15000.0,380,FEMALE,,274,02:14:42,2024,FR
2025,7287,trail du ventoux - balcons des jas,29000.0,1518,FEMALE,20K,520,06:59:33,2023,FR
2025,7287,maxicross - 10 km,10300.0,399,FEMALE,,369,01:17:43,2023,FR
2025,7292,raid 974 - semi-raid 974,61600.0,2430,MALE,50K,152,15:53:12,2025,FR
2025,7292,raid 974 - semi-raid 974,57000.0,2800,MALE,50K,355,15:09:56,2024,FR
2025,7292,le grand raid de la réunion - trail de bourbon,109200.0,5960,MALE,100K,632,37:15:28,2022,FR
2025,7292,le grand raid de la réunion - la mascareignes,72000.0,3874,MALE,100K,532,17:54:40,2021,FR
2025,7293,nice côte d’azur by UTMB® - saint-jean-cap-ferrat - nice - 20k,23600.0,760,FEMALE,20K,580,03:11:01,2025,FR
2025,7293,a petralbinca - a castagna,12000.0,750,FEMALE,,111,01:58:49,2025,FR
2025,7296,senpereko trail - senpereko trail 21km,20900.0,1070,MALE,20K,606,03:54:01,2022,FR
2025,7298,trail des passerelles du monteynard - maratrail,40000.0,2150,MALE,50K,355,06:16:50,2025,FR
2025,7298,high trail vanoise - balcons de val,20300.0,1372,MALE,20K,55,02:49:44,2025,FR
2025,7298,high trail vanoise - balcons de val,18900.0,1030,MALE,20K,125,02:38:54,2024,FR
2025,7298,maxi-race du lac d'annecy - demi-tour du lac d'annecy : marathon expérience,29400.0,1607,MALE,20K,593,04:11:43,2024,FR
2025,7298,la asics saintélyon - la saintélyon,78000.0,2201,MALE,100K,3929,12:09:56,2023,FR
2025,7298,le belier - trail 27km | le bélier,27000.0,1270,MALE,20K,824,03:40:07,2023,FR
2025,7299,l'infernal trail des vosges - it 30,29360.0,993,FEMALE,20K,1116,05:45:57,2025,FR
2025,7299,trail du mont chauve - la 1000d,23000.0,1025,FEMALE,20K,185,05:34:54,2025,FR
2025,7299,lyon urban trail - 15 km,15000.0,684,FEMALE,20K,2839,02:33:31,2025,FR
2025,7299,lyon urban trail by night - 10km,9600.0,385,FEMALE,,1851,01:29:27,2024,FR
2025,7299,trail des aiguilles rouges - p'tit tar,15600.0,1340,FEMALE,20K,324,03:56:35,2024,FR
2025,7299,restonica trail by UTMB - giru di tumbone,17800.0,664,FEMALE,20K,497,03:02:03,2024,FR
2025,7300,grand raid des pyrénées - tour du néouvielle,41000.0,2400,MALE,50K,725,08:08:17,2025,FR
2025,7300,trail du saint-jacques by UTMB® - monistrail - 50k,52800.0,1810,MALE,50K,1501,09:23:27,2025,FR
2025,7301,le grand raid de la réunion - metis trail,50000.0,2598,MALE,50K,181,11:18:30,2024,FR
2025,7301,le grand raid de la réunion - zembrocal trail relais4,33400.0,1360,MALE,20K,98,07:12:55,2022,FR
2025,7302,l'ultra marin raid golfe du morbihan - arvor 56 km,59500.0,600,FEMALE,50K,1529,08:22:16,2025,FR
2025,7306,raid 974 - raid 974,101200.0,5580,MALE,100K,68,29:48:24,2025,FR
2025,7306,trail des géants - le méga trail de l'ouest ,83000.0,3050,MALE,100K,177,18:34:23,2025,FR
2025,7306,le grand raid de la réunion - trail de bourbon,101000.0,5835,MALE,100K,330,25:29:43,2024,FR
2025,7306,cimasarun - cumasarun,56200.0,3818,MALE,50K,330,11:17:32,2024,FR
2025,7306,le grand raid de la réunion - la mascareignes,72000.0,4007,MALE,100K,169,13:42:27,2023,FR
2025,7306,cimasarun - cumasarun,51700.0,3725,MALE,50K,89,08:57:04,2023,FR
2025,7306,marathon du mont-blanc - 90 km du mont-blanc,90200.0,7000,MALE,100K,582,21:25:51,2023,FR
2025,7306,le grand raid de la réunion - la diagonale des fous,168400.0,10250,MALE,100M,333,40:48:58,2022,FR
2025,7306,dodo trail - xtreme 50km,50000.0,3500,MALE,50K,31,08:53:08,2022,MU
2025,7306,swiss canyon trail - k111,115300.0,5170,MALE,100K,87,18:00:36,2022,CH
2025,7308,trail du tangue - trail du tangue,23600.0,900,FEMALE,20K,398,04:57:37,2020,FR
2025,7312,le grand raid de la réunion - la mascareignes,70000.0,3829,MALE,100K,174,13:17:13,2024,FR
2025,7312,le grand raid de la réunion - la mascareignes,72000.0,4007,MALE,100K,64,12:02:32,2023,FR
2025,7312,dodo trail - trooper 25km,23700.0,1450,MALE,20K,5,03:18:24,2023,MU
2025,7313,trail des glières - ecureuil fou 41 km,41000.0,2300,FEMALE,50K,107,06:45:45,2024,FR
2025,7313,le défi de la muzelle - le petit défi de la muzelle,51000.0,3600,FEMALE,50K,65,07:45:57,2024,FR
2025,7314,le grand raid de la réunion - la diagonale des fous,167300.0,9710,MALE,100M,1754,60:13:45,2023,FR
2025,7314,le grand raid de la réunion - la mascareignes,72000.0,3874,MALE,100K,890,20:53:42,2021,FR
2025,7314,trail de la savane - 28km,25000.0,900,MALE,20K,192,03:38:53,2020,FR
2025,7315,le grand raid de la réunion - zembrocal trail relais4,32299.999999999996,1302,MALE,20K,84,07:26:37,2024,FR
2025,7315,raid 974 - semi-raid 974,61000.0,2426,MALE,50K,270,16:26:15,2023,FR
2025,7315,le grand raid de la réunion - la mascareignes,74100.0,4000,MALE,100K,1076,20:22:20,2022,FR
2025,7315,le grand raid de la réunion - zembrocal trail relais4,54200.0,2090,MALE,50K,60,06:47:55,2021,FR
2025,7315,caldeira trail - bruleries de la fournaise,47400.0,1130,MALE,50K,196,09:58:06,2020,FR
2025,7318,le grand raid de la réunion - zembrocal trail relais2,32700.000000000004,1168,MALE,20K,76,06:29:44,2024,FR
2025,7319,les crêtes vosgiennes - les crêtes vosgiennes,32700.000000000004,1280,MALE,20K,660,04:53:44,2025,FR
2025,7319,ultra trail grand ballon - ultra du grand ballon 24km,24000.0,1100,MALE,20K,308,03:21:42,2025,FR
2025,7319,la landsberg - le grand,23000.0,870,MALE,20K,448,02:52:17,2023,FR
2025,7319,belfortrail - belfortrail,54000.0,3100,MALE,50K,352,10:43:36,2023,FR
2025,7319,ultra trail haut-koenigsbourg ® - thk 25 km,25000.0,880,MALE,20K,691,03:23:39,2023,FR
2025,7319,trail alsace grand est by UTMB - trail des celtes,49600.0,2020,MALE,50K,1061,07:26:03,2023,FR
2025,7319,tous au bernstein  - 24ksolo,24000.0,1200,MALE,20K,118,03:13:18,2023,FR
2025,7319,la landsberg - le grand,26000.0,900,MALE,20K,346,02:44:09,2022,FR
2025,7319,trail du grand ballon - 32km,32000.0,1350,MALE,20K,163,04:05:30,2022,FR
2025,7319,terre de feu  - terre de feu,30300.0,1560,MALE,20K,188,03:55:20,2022,FR
2025,7323,caen ca bouge - 14km,14000.0,213,FEMALE,,552,01:32:52,2023,FR
2025,7323,caen ca bouge - 8km,8000.0,120,FEMALE,,90,00:43:28,2022,FR
2025,7324,le grand raid de la réunion - la mascareignes,70000.0,3829,MALE,100K,251,13:56:09,2024,FR
2025,7324,le grand raid de la réunion - trail de bourbon,109000.0,6328,MALE,100M,116,24:50:49,2023,FR
2025,7324,cimasarun - cumasarun,51700.0,3725,MALE,50K,356,11:11:54,2023,FR
2025,7324,le grand raid de la réunion - la diagonale des fous,168400.0,10250,MALE,100M,469,42:58:17,2022,FR
2025,7324,le grand raid de la réunion - trail de bourbon,105100.0,6131,MALE,100K,158,26:01:42,2021,FR
2025,7325,trail des passerelles du monteynard - le mine express,16000.0,850,FEMALE,20K,166,02:45:29,2023,FR
2025,7329,dodo trail - trooper 25km,23700.0,1450,FEMALE,20K,282,07:25:27,2024,MU
2025,7331,ultra trail cote d'azur mercantour - utcam - 30km,29200.0,2160,MALE,50K,121,05:14:39,2021,FR
2025,7332,le grand raid de la réunion - la mascareignes,70000.0,3829,MALE,100K,1214,20:53:23,2024,FR
2025,7332,le grand raid de la réunion - zembrocal trail relais1,37200.0,2720,MALE,50K,181,09:43:14,2022,FR
2025,7332,trail de minuit - trail de minuit,54200.0,3180,MALE,50K,941,15:12:02,2022,FR
2025,7333,le grand raid de la réunion - zembrocal trail relais1,37200.0,2720,FEMALE,50K,95,07:45:25,2022,FR
2025,7333,le grand raid de la réunion - la diagonale des fous,160200.0,9377,FEMALE,100M,1633,60:05:05,2021,FR
2025,7333,caldeira trail - ultra caldeira trail,71200.0,1880,FEMALE,50K,208,15:53:04,2020,FR
2025,7336,le grand raid de la réunion - zembrocal trail relais2,36200.0,1210,MALE,20K,24,06:36:59,2022,FR
2025,7337,bagnoles normandie trail - maratrail,42500.0,750,FEMALE,50K,175,04:45:33,2025,FR
2025,7337,urban wild bavent - 20k urban wild bavent ,23800.0,190,FEMALE,20K,144,02:12:21,2025,FR
2025,7337,ecotrail paris® - trail 45km,45900.0,720,FEMALE,50K,861,05:28:13,2025,FR
2025,7337,trail des loups - trail 34,34000.0,600,FEMALE,20K,168,03:45:59,2025,FR
2025,7340,trail du lac de paladru - les hauts du lac - 31 km,31000.0,890,FEMALE,20K,576,04:06:44,2023,FR
2025,7341,trail en côte-rôtie - la verticale,13000.0,550,FEMALE,,448,02:38:08,2024,FR
2025,7341,pilatrail - traversée des 3 dents,21000.0,1200,FEMALE,20K,321,03:46:00,2024,FR
2025,7341,trail en côte-rôtie - la verticale,11000.0,550,FEMALE,,269,01:41:25,2023,FR
2025,7343,le grand raid de la réunion - la diagonale des fous,175000.0,10107,MALE,100M,1824,62:21:31,2024,FR
2025,7343,le grand raid de la réunion - la mascareignes,72000.0,4007,MALE,100K,1087,20:52:44,2023,FR
2025,7343,le grand raid de la réunion - la diagonale des fous,160200.0,9377,MALE,100M,1656,60:31:15,2021,FR
2025,7343,caldeira trail - ultra caldeira trail,71200.0,1880,MALE,50K,304,18:26:48,2020,FR
2025,7346,dodo trail - xtreme 50km,50000.0,3500,MALE,50K,50,10:44:04,2024,MU
2025,7347,ultra trail grand colombier - ultra 80km,78000.0,3300,MALE,100K,205,12:19:40,2025,FR
2025,7347,trailsobugey - trailsobugey 22km,22000.0,980,MALE,20K,56,02:29:29,2025,FR
2025,7353,trail des anglais - trail des anglais,28000.0,1260,FEMALE,20K,1236,05:51:30,2020,FR
2025,7355,hoka UTMB mont-blanc - mcc,40000.0,2350,MALE,50K,72,04:44:31,2025,FR
2025,7355,week end du tour des glaciers de la vanoise - pralo vu du ciel,26000.0,1700,MALE,20K,14,03:07:18,2025,FR
2025,7355,trail alsace grand est by UTMB - trail des pèlerins,34600.0,1370,MALE,20K,26,03:01:42,2025,FR
2025,7355,ecotrail paris® - trail 30 km,31600.0,420,MALE,20K,32,02:14:32,2025,FR
2025,7355,aymon trail - aymon trail #11 - 18 km,18000.0,800,MALE,20K,5,01:39:47,2025,FR
2025,7355,hoka UTMB mont-blanc - mcc,40000.0,2350,MALE,50K,319,05:54:01,2024,FR
2025,7355,mozart 100 by UTMB - mozart marathon,39000.0,1650,MALE,50K,41,03:54:08,2024,AT
2025,7355,aymon trail - aymon trail #10 - 33 km,32000.0,1600,MALE,20K,21,03:22:40,2024,FR
2025,7355,le belier - trail 27km | le bélier,27000.0,1270,MALE,20K,141,02:43:17,2023,FR
2025,7355,marathon du mont-blanc - 23 km du mont-blanc,23600.0,1590,MALE,20K,188,03:10:23,2023,FR
2025,7358,le grand raid de la réunion - la mascareignes,70000.0,3829,MALE,100K,40,10:57:32,2024,FR
2025,7360,dodo trail - xtreme 50km,50000.0,3500,MALE,50K,77,11:39:50,2024,MU
2025,7360,mafate trail tour - ultra mafate trail tour,63400.0,4090,MALE,100K,238,17:30:10,2023,FR
2025,7361,trail de la colline - l'expedi'sion,25000.0,900,MALE,20K,14,02:13:39,2025,FR
2025,7362,le grand raid de la réunion - la mascareignes,72000.0,4007,MALE,100K,858,19:33:47,2023,FR
2025,7364,le grand raid de la réunion - zembrocal trail relais4,33400.0,1360,FEMALE,20K,102,07:35:35,2023,FR
2025,7365,trail galibier thabor  - trail du thabor,32900.0,2000,MALE,50K,229,06:46:40,2025,FR
2025,7368,trail galibier thabor  - trail du thabor,32900.0,2000,FEMALE,50K,172,06:16:01,2025,FR
2025,7368,dacia UTMB® mont blanc - CCC,100000.0,6156,FEMALE,100K,1106,23:07:37,2023,FR
2025,7368,bagnoles normandie trail - maratrail,43400.0,700,FEMALE,50K,92,05:46:53,2022,FR
2025,7371,foulées de l'oppidum - grand oppidum,25500.0,800,FEMALE,20K,82,01:51:32,2025,FR
2025,7371,uttn ultra trail tour nancy - uttn chardon 70,70650.0,2191,FEMALE,50K,27,09:41:44,2025,FR
2025,7371,la asics saintélyon - la saintexpress,45900.0,1000,FEMALE,50K,1135,06:01:20,2021,FR
2025,7372,le grand raid de la réunion - trail de bourbon,105100.0,6131,FEMALE,100K,506,35:04:33,2021,FR
2025,7372,trail de minuit - trail de minuit,56400.0,3180,FEMALE,50K,901,14:33:43,2020,FR
2025,7372,trail des anglais - trail des anglais,28000.0,1260,FEMALE,20K,906,04:55:52,2020,FR
2025,7372,trail du tangue - trail du tangue,23600.0,900,FEMALE,20K,400,04:58:16,2020,FR
2025,7373,les crêtes vosgiennes - les crêtes vosgiennes,32700.000000000004,1280,FEMALE,20K,794,05:22:11,2025,FR
2025,7373,trail des hauts forts - trail des mines d'or,22800.0,1920,FEMALE,20K,385,05:14:19,2025,FR
2025,7373,marathon du mont-blanc - duo étoilé,21500.0,1570,FEMALE,20K,527,04:58:45,2025,FR
2025,7373,techni trail tiranges 43 - ttt 25km,25000.0,1320,FEMALE,20K,153,04:33:26,2024,FR
2025,7373,meribel trail - 10km,11300.0,670,FEMALE,,193,02:00:26,2023,FR
2025,7376,le grand raid de la réunion - zembrocal trail relais3,43700.0,3187,MALE,50K,150,11:21:10,2024,FR
2025,7376,le grand raid de la réunion - la diagonale des fous,167300.0,9710,MALE,100M,1626,58:21:11,2023,FR
2025,7376,caldeira trail - ultra caldeira trail,94000.0,4000,MALE,100K,176,25:32:00,2023,FR
2025,7376,le grand raid de la réunion - trail de bourbon,109200.0,5960,MALE,100K,582,36:24:49,2022,FR
2025,7377,caldeira trail - trail des bruleries de la fournaise,44000.0,2800,MALE,50K,443,12:27:44,2023,FR
2025,7378,maxicross - nightcross,23300.0,999,MALE,20K,165,03:05:30,2024,FR
2025,7382,trail côte d'opale en pas-de-calais - 42 km,42400.0,990,FEMALE,50K,607,06:28:35,2022,FR
2025,7382,le belier - trail 27km | le bélier,27000.0,1000,FEMALE,20K,1089,04:34:48,2022,FR
2025,7382,trail côte d'opale - 24 km,24200.0,417,FEMALE,20K,748,02:53:06,2021,FR
2025,7388,le grand raid de la réunion - trail de bourbon,101000.0,5835,MALE,100K,575,30:05:48,2024,FR
2025,7388,le grand raid de la réunion - la mascareignes,74100.0,4000,MALE,100K,796,18:29:19,2022,FR
2025,7389,le grand raid de la réunion - zembrocal trail relais1,37200.0,2720,MALE,50K,148,08:50:22,2023,FR
2025,7389,ardeche trail - la voie romaine - la voie romaine - 20km,20000.0,850,MALE,20K,366,03:16:16,2023,FR
2025,7389,le grand raid de la réunion - la diagonale des fous,168400.0,10250,MALE,100M,1853,62:08:18,2022,FR
2025,7389,trail nivolet-revard - trail nivolet-revard,51600.0,2720,MALE,50K,424,08:47:36,2022,FR
2025,7389,le grand raid de la réunion - la diagonale des fous,160200.0,9377,MALE,100M,1704,61:09:42,2021,FR
2025,7391,le grand raid de la réunion - zembrocal trail relais4,32299.999999999996,1302,MALE,20K,139,08:33:26,2024,FR
2025,7392,raid 974 - raid 974,101200.0,5580,MALE,100K,62,28:12:18,2025,FR
2025,7393,trail de minuit - trail de minuit,56400.0,3180,MALE,50K,907,14:36:32,2020,FR
2025,7397,trail des vallées - le trail des vallées,32000.0,600,MALE,20K,128,03:53:37,2025,FR
2025,7398,swisspeaks trail - semi-mara,21420.0,990,FEMALE,20K,325,03:15:41,2025,CH
2025,7398,restonica trail by UTMB - gt20k,17000.0,680,FEMALE,20K,527,02:54:21,2025,FR
2025,7403,trail des anglais - trail des anglais,28000.0,1260,MALE,20K,841,04:47:59,2020,FR
2025,7404,ecotrail paris® - trail 45km,45900.0,720,MALE,50K,751,05:19:47,2025,FR
2025,7404,trail du grand ballon - trail du grand ballon 48km,47600.0,2040,MALE,50K,162,07:08:39,2024,FR
2025,7405,le grand raid de la réunion - la diagonale des fous,175000.0,10107,MALE,100M,181,39:02:05,2024,FR
2025,7405,cimasarun - cumasarun,56200.0,3818,MALE,50K,235,10:32:08,2024,FR
2025,7405,mauritius by UTMB - bel ombre,59100.0,1790,MALE,50K,15,06:45:17,2024,MU
2025,7405,le grand raid de la réunion - la mascareignes,74100.0,4000,MALE,100K,88,12:28:23,2022,FR
2025,7405,trail de minuit - trail de minuit,54200.0,3180,MALE,50K,79,08:59:05,2022,FR
2025,7414,le grand raid de la réunion - la diagonale des fous,175000.0,10107,MALE,100M,424,43:56:50,2024,FR
2025,7414,le grand raid de la réunion - trail de bourbon,109000.0,6328,MALE,100M,248,28:07:55,2023,FR
2025,7414,caldeira trail - trail des bruleries de la fournaise,44000.0,2800,MALE,50K,70,07:50:36,2023,FR
2025,7414,le grand raid de la réunion - la mascareignes,74100.0,4000,MALE,100K,142,13:10:33,2022,FR
2025,7415,le grand raid de la réunion - zembrocal trail relais4,33400.0,1360,MALE,20K,58,06:21:02,2022,FR
2025,7416,trail du grand ballon - trail du grand ballon 24km,24000.0,1104,FEMALE,20K,61,02:48:36,2025,FR
2025,7416,ecotrail paris® - trail 30 km,31600.0,420,FEMALE,20K,810,03:03:12,2025,FR
2025,7416,la landsberg - le grand,23000.0,870,FEMALE,20K,296,02:54:08,2024,FR
2025,7416,la landsberg - le moyen,16000.0,550,FEMALE,20K,246,01:50:57,2023,FR
2025,7420,humani'trail - bull trail,27000.0,1635,MALE,20K,93,04:22:26,2025,CH
2025,7420,wildstrubel by UTMB - wild 25,26000.0,1200,MALE,20K,810,04:03:06,2025,CH
2025,7420,swisspeaks trail - marathon,45930.0,2481,MALE,50K,334,09:10:24,2025,CH
2025,7420,supertrail du barlatay - trail découverte,26000.0,1300,MALE,20K,177,04:02:36,2025,CH
2025,7420,trail verbier st bernard by UTMB - verbier marathon,42400.0,2940,MALE,50K,1271,11:27:38,2025,CH
2025,7420,lavaredo ultra trail by UTMB® - lavaredo 20k,20000.0,1000,MALE,20K,412,03:17:15,2025,IT
2025,7420,swiss canyon trail - swiss canyon trail,33000.0,1380,MALE,20K,545,05:15:12,2025,CH
2025,7420,trail alsace grand est by UTMB - trail des celtes,50000.0,2000,MALE,50K,1470,08:10:02,2025,FR
2025,7420,grand raid ventoux by UTMB - grv - 20k,28000.0,1200,MALE,20K,706,04:09:46,2025,FR
2025,7420,chianti ultra trail by UTMB® - chianti half trail ,20000.0,800,MALE,20K,555,02:48:18,2025,IT
2025,7420,wildstrubel by UTMB - wild 50,37000.0,1700,MALE,50K,885,06:08:16,2024,CH
2025,7420,trail verbier st bernard by UTMB - verbier marathon,38300.0,2556,MALE,50K,888,08:20:16,2024,CH
2025,7420,swiss canyon trail - swiss canyon trail,33000.0,1380,MALE,20K,492,04:57:07,2024,CH
2025,7420,wildstrubel by UTMB - wild 25,26000.0,1195,MALE,20K,796,03:57:35,2023,CH
2025,7420,trail verbier st bernard by UTMB - verbier x-plore ,26000.0,1700,MALE,20K,783,07:06:48,2023,CH
2025,7421,trail de la cÔte d'Émeraude - trail de la côte d'Émeraude,52700.0,1170,FEMALE,50K,636,07:32:13,2024,FR
2025,7426,transvolcano - transvolcano,45500.0,1680,MALE,50K,310,10:54:46,2020,FR
2025,7428,trail des sangliers - trail des sangliers 26km,26000.0,930,FEMALE,20K,267,03:36:53,2025,BE
2025,7428,transgrancanaria - marathon,47000.0,1840,FEMALE,50K,1206,09:42:01,2025,ES
2025,7428,munster'trail - munster'trail 22km,22000.0,1000,FEMALE,20K,338,03:50:45,2024,FR
2025,7428,trail du barrage - 21km,21000.0,880,FEMALE,20K,126,03:38:59,2024,BE
2025,7428,trail côte d'opale en pas-de-calais - 62 km,63900.0,1040,FEMALE,50K,411,09:32:30,2024,FR
2025,7428,marathon du mont-blanc - 23 km du mont-blanc,23600.0,1590,FEMALE,20K,1594,05:18:44,2024,FR
2025,7428,trail godefroy | bouillon - 20km,20000.0,690,FEMALE,20K,345,02:58:02,2024,BE
2025,7428,ohm trail - ohm trail light,25000.0,1250,FEMALE,20K,385,05:00:56,2024,BE
2025,7428,trail du grand ballon - trail du grand ballon 23km,23400.0,980,FEMALE,20K,301,04:21:17,2024,FR
2025,7428,trail côte d'opale en pas-de-calais - 24 km,23900.0,390,FEMALE,20K,1079,03:31:22,2023,FR
2025,7428,marathon du mont-blanc - 23 km du mont-blanc,23600.0,1590,FEMALE,20K,2153,06:09:30,2023,FR
2025,7428,trail du grand ballon - 22km,21900.0,1030,FEMALE,20K,290,04:05:57,2023,FR
2025,7428,crêtes de spa - crêtes de spa 32km,32000.0,1045,FEMALE,20K,254,05:20:20,2023,BE
2025,7428,grand trail des lacs & châteaux winter edition (gtlc)  - gt22,23000.0,1120,FEMALE,20K,419,04:13:50,2022,BE
2025,7428,trail côte d'opale en pas-de-calais - 27 km,27000.0,410,FEMALE,20K,1190,03:26:19,2022,FR
2025,7434,les crêtes vosgiennes - le 50,52000.0,1800,MALE,50K,265,07:52:11,2025,FR
2025,7434,trail des hauts forts - trail du fornet,36000.0,2820,MALE,50K,158,07:10:00,2025,FR
2025,7436,cimasarun - cumasarun,56200.0,3818,MALE,50K,7,07:11:34,2024,FR
2025,7436,le grand raid de la réunion - la mascareignes,72000.0,4007,MALE,100K,50,11:42:33,2023,FR
2025,7437,trail des marcaires - defi de muhlbach,32000.0,1600,FEMALE,20K,315,06:46:17,2023,FR
2025,7437,le grand raid de la réunion - la mascareignes,74100.0,4000,FEMALE,100K,764,18:13:35,2022,FR
2025,7437,le grand raid de la réunion - la mascareignes,72000.0,3874,FEMALE,100K,676,19:24:49,2021,FR
2025,7437,trail des anglais - trail des anglais,28000.0,1260,FEMALE,20K,953,04:58:38,2020,FR
2025,7438,trail des géants - le méga trail de l'ouest ,83000.0,3050,MALE,100K,214,19:46:47,2025,FR
2025,7438,le grand raid de la réunion - zembrocal trail relais1,37200.0,2720,MALE,50K,134,08:35:36,2023,FR
2025,7438,le grand raid de la réunion - la mascareignes,72000.0,3874,MALE,100K,574,18:26:30,2021,FR
2025,7439,les foulées de gruffy - gruff à l'eau,14500.0,800,MALE,20K,149,01:53:19,2025,FR
2025,7439,half marathon des sables jordan - hmds jordan 2022 - 120km,114000.0,2641,MALE,100K,61,20:16:31,2022,JO
2025,7439,impérial trail de fontainebleau - l'impératrice,13000.0,380,MALE,,103,01:32:12,2022,FR
2025,7439,greenweez maxi-race - short-race,16700.0,950,MALE,20K,139,02:14:14,2022,FR
2025,7439,ecotrail paris® - trail 30 km,30500.0,520,MALE,20K,2597,04:29:58,2022,FR
2025,7442,ecotrail paris® - trail 30 km,31600.0,420,FEMALE,20K,2551,04:01:28,2025,FR
2025,7443,tarawera ultra-trail by UTMB® - t102,103000.0,2200,MALE,100K,486,18:00:32,2025,NZ
2025,7443,tarawera ultra-trail by UTMB® - t50,52700.0,1166,MALE,50K,878,07:33:12,2024,NZ
2025,7443,trail des passerelles du monteynard - maratrail 42km,43500.0,2650,MALE,50K,535,08:12:56,2021,FR
2025,7443,trail de minuit - trail de minuit,56400.0,3180,MALE,50K,868,14:05:33,2020,FR
2025,7443,transvolcano - transvolcano,45500.0,1680,MALE,50K,287,09:59:54,2020,FR
2025,7444,mafate trail tour - mafate trail tour,53900.0,3560,FEMALE,50K,207,10:34:04,2023,FR
2025,7445,le grand raid de la réunion - zembrocal trail relais1,37900.0,2769,MALE,50K,138,08:23:53,2024,FR
2025,7447,l'ultra marin raid golfe du morbihan - grand relais - n°3,45490.0,196,MALE,20K,329,05:59:28,2024,FR
2025,7447,belle-île en trail - trail du ponant,45000.0,1000,MALE,50K,362,06:29:07,2021,FR
2025,7448,trail du moucherotte - l'explo'trail du moucherotte,25000.0,1330,MALE,20K,173,03:49:51,2024,FR
2025,7448,grenoble vizille - trail 20 km,18200.0,440,MALE,20K,548,01:46:54,2024,FR
2025,7450,trail de haute provence - les mourres,16300.0,658,MALE,20K,144,02:21:51,2023,FR
2025,7451,l'ultra marin raid golfe du morbihan - ronde des douaniers 34 km,33000.0,510,FEMALE,20K,223,02:52:48,2024,FR
2025,7454,wmtrc2025 - world mountain and trail running championships - short trail 45k,44500.0,3657,MALE,50K,206,07:00:25,2025,ES
2025,7454,dodo trail - trooper 25km,23700.0,1450,MALE,20K,1,02:40:26,2023,MU
2025,7454,dodo trail - trooper 25km,23700.0,1450,MALE,20K,1,02:50:45,2022,MU
2025,7455,le grand raid de la réunion - la mascareignes,70000.0,3829,FEMALE,100K,78,11:59:34,2024,FR
2025,7455,dodo trail - xtreme 50km,50000.0,3500,FEMALE,50K,22,08:30:20,2024,MU
2025,7455,le grand raid de la réunion - la mascareignes,72000.0,4007,FEMALE,100K,72,12:07:42,2023,FR
2025,7455,dodo trail - xtreme 50km,50000.0,3500,FEMALE,50K,23,08:18:02,2023,MU
2025,7455,dodo trail - xtreme 50km,50000.0,3500,FEMALE,50K,28,08:45:32,2022,MU
2025,7455,championnat de maurice - championnat de maurice,28000.0,2460,FEMALE,50K,16,04:09:37,2022,MU
2025,7456,le grand raid de la réunion - trail de bourbon,109000.0,6328,MALE,100M,986,40:19:30,2023,FR
2025,7456,le grand raid de la réunion - la mascareignes,74100.0,4000,MALE,100K,891,19:11:52,2022,FR
2025,7457,hoka UTMB mont-blanc - mcc,40000.0,2350,FEMALE,50K,1024,08:37:02,2024,FR
2025,7457,trail du tour des fiz - balcon des fiz,15000.0,950,FEMALE,20K,419,03:32:11,2024,FR
2025,7457,wildstrubel by UTMB - wild 50,53000.0,3300,FEMALE,50K,796,12:27:34,2023,CH
2025,7457,dacia UTMB® mont blanc - occ,55000.0,3425,FEMALE,50K,1473,12:43:57,2023,FR
2025,7457,marathon du mont-blanc - duo étoilé,21500.0,1570,FEMALE,20K,470,04:42:42,2023,FR
2025,7457,ultra-trail snowdonia by UTMB® - uts 50k,55000.0,3300,FEMALE,50K,877,13:43:42,2023,GB
2025,7457,nice côte d’azur by UTMB® - nice 20k,16800.0,626,FEMALE,20K,714,02:46:40,2022,FR
2025,7457,wildstrubel by UTMB - wild 25,25000.0,1150,FEMALE,20K,495,04:20:13,2022,CH
2025,7457,UTMB® mont blanc - mcc,41200.0,2470,FEMALE,50K,753,09:01:18,2022,FR
2025,7457,marathon du mont-blanc - 42 km du mont-blanc,44400.0,2500,FEMALE,50K,1758,09:13:06,2022,FR
2025,7460,le grand raid de la réunion - la diagonale des fous,175000.0,10107,MALE,100M,1905,63:33:24,2024,FR
2025,7460,caldeira trail - trail des bruleries de la fournaise,44000.0,2800,MALE,50K,351,10:51:38,2023,FR
2025,7460,le grand raid de la réunion - zembrocal trail relais3,41400.0,2700,MALE,50K,155,11:08:33,2022,FR
2025,7460,le grand raid de la réunion - trail de bourbon,105100.0,6131,MALE,100K,652,37:46:52,2021,FR
2025,7461,le grand raid de la réunion - trail de bourbon,101000.0,5835,FEMALE,100K,454,27:52:19,2024,FR
2025,7461,le grand raid de la réunion - la diagonale des fous,168400.0,10250,FEMALE,100M,1049,49:31:11,2022,FR
2025,7461,le grand raid de la réunion - trail de bourbon,105100.0,6131,FEMALE,100K,341,31:05:51,2021,FR
2025,7462,le grand raid de la réunion - la mascareignes,70000.0,3829,MALE,100K,792,18:00:04,2024,FR
2025,7462,le grand raid de la réunion - zembrocal trail relais2,36200.0,1210,MALE,20K,81,07:47:12,2023,FR
2025,7464,trail sainte-victoire - trail sainte victoire-le cengle,13000.0,360,MALE,,316,01:54:02,2024,FR
2025,7464,la 6000d trail de légende - 6 d marathon,43700.0,2110,MALE,50K,420,08:33:02,2023,FR
2025,7464,trail des costes - trail des costes,30000.0,1000,MALE,20K,104,04:41:54,2023,FR
2025,7464,skyrace de montgenèvre - skyrace des anges,28000.0,1700,MALE,20K,60,05:51:18,2022,FR
2025,7464,la 6000d la course des géants - en relais à 2 montée,33100.0,2780,MALE,50K,31,06:44:53,2021,FR
2025,7465,le grand raid de la réunion - la mascareignes,74100.0,4000,MALE,100K,473,16:06:54,2022,FR
2025,7465,trail des anglais - trail des anglais,28000.0,1260,MALE,20K,611,04:24:45,2020,FR
2025,7470,balcons de cauterets - 47km,48000.0,3000,MALE,50K,21,06:59:25,2025,FR
2025,7471,trail de nantes à montaigu - trail de la maine,21600.0,315,MALE,20K,70,02:03:29,2025,FR
2025,7471,l'ultra marin raid golfe du morbihan - ronde des douaniers 34 km,33000.0,510,MALE,20K,292,02:58:55,2024,FR
2025,7474,le grand raid de la réunion - trail de bourbon,101000.0,5835,MALE,100K,338,25:38:39,2024,FR
2025,7474,rinjani 100 - 60 km,60000.0,5130,MALE,100K,6,15:10:44,2024,ID
2025,7474,le grand raid de la réunion - la mascareignes,72000.0,4007,MALE,100K,149,13:30:42,2023,FR
2025,7474,l'infernal trail des vosges - it 70,69200.0,3170,MALE,100K,178,13:05:15,2023,FR
2025,7474,le grand raid de la réunion - la diagonale des fous,168400.0,10250,MALE,100M,574,44:26:06,2022,FR
2025,7475,le grand raid de la réunion - la diagonale des fous,175000.0,10107,MALE,100M,1602,59:50:08,2024,FR
2025,7475,trail du saint-jacques by UTMB® - les chibottes - 20k,18000.0,600,MALE,20K,302,02:00:49,2023,FR
2025,7475,miut® - madeira island ultra-trail® - miut 115,116000.0,7090,MALE,100M,620,30:59:21,2023,PT
2025,7475,2t2m - 2t2m 60,62500.0,2600,MALE,50K,63,09:42:30,2023,FR
2025,7475,greenweez maxi-race - maxi-challenger,44800.0,2490,MALE,50K,132,09:19:43,2022,FR
2025,7478,caldeira trail - bruleries de la fournaise,47400.0,1130,MALE,50K,220,10:36:39,2020,FR
2025,7478,trail des anglais - trail des anglais,28000.0,1260,MALE,20K,1137,05:29:56,2020,FR
2025,7479,alta rocca trail - quenza - i furchi,17000.0,900,MALE,20K,1,01:47:49,2025,FR
2025,7479,course de l'oriente - course de l'oriente,24000.0,2000,MALE,20K,13,03:24:48,2025,FR
2025,7479,restonica trail by UTMB - tt50k,33100.0,2260,MALE,50K,22,04:10:09,2025,FR
2025,7479,a petralbinca - a petralbinca,21000.0,1500,MALE,20K,1,02:15:20,2025,FR
2025,7479,trail napoléon - trail napoléon classic,25000.0,1500,MALE,20K,3,02:26:01,2025,FR
2025,7479,le grand raid de la réunion - metis trail,50000.0,2598,MALE,50K,2,06:43:25,2024,FR
2025,7479,périple de l'arche - périple de l'arche,23000.0,1700,MALE,20K,4,02:36:50,2024,FR
2025,7479,restonica trail by UTMB - tavignanu trail,33000.0,2270,MALE,50K,15,04:16:56,2024,FR
2025,7479,a petralbinca - a petralbinca,21000.0,1500,MALE,20K,2,02:15:26,2024,FR
2025,7479,trail napoléon - trail napoléon classic,25000.0,1500,MALE,20K,10,02:34:08,2024,FR
2025,7479,trail gravona - trail gravona,21000.0,1600,MALE,20K,5,02:21:29,2024,FR
2025,7479,restonica trail by UTMB - tavignanu trail,32500.0,2270,MALE,50K,14,03:59:36,2023,FR
2025,7479,a petralbinca - a petralbinca,21000.0,1500,MALE,20K,1,02:20:14,2023,FR
2025,7479,trail napoléon - trail napoléon classic,24000.0,1500,MALE,20K,4,02:22:18,2023,FR
2025,7481,trail du petit ballon - marathon du petit ballon 42 km,42730.0,1346,FEMALE,50K,298,05:24:58,2025,FR
2025,7481,la transju'trail - le 25km de la transju'trail,25000.0,1250,FEMALE,20K,261,03:32:00,2024,FR
2025,7481,trail du petit ballon - 28 km - grands crus,28400.0,955,FEMALE,20K,206,03:04:16,2022,FR
2025,7481,le bélier blanc - trail 14 km,14000.0,650,FEMALE,20K,322,01:40:39,2022,FR
2025,7484,half marathon des sables jordan - hmds jordan 2022 - 120km,114000.0,2641,FEMALE,100K,60,20:16:27,2022,JO
2025,7484,impérial trail de fontainebleau - trophée philippe mahut,26000.0,630,FEMALE,20K,340,03:17:42,2022,FR
2025,7484,greenweez maxi-race - marathon-expérience,45500.0,2422,FEMALE,50K,905,08:32:03,2022,FR
2025,7484,ecotrail paris® - trail 30 km,30500.0,520,FEMALE,20K,2597,04:29:58,2022,FR
2025,7485,le grand raid de la réunion - trail de bourbon,101000.0,5835,MALE,100K,633,31:27:52,2024,FR
2025,7485,le grand raid de la réunion - la mascareignes,74100.0,4000,MALE,100K,744,18:04:46,2022,FR
2025,7486,le grand raid de la réunion - zembrocal trail relais3,43700.0,3187,FEMALE,50K,115,10:34:18,2024,FR
2025,7486,le grand raid de la réunion - la diagonale des fous,168400.0,10250,FEMALE,100M,1389,54:35:40,2022,FR
2025,7487,le grand raid de la réunion - zembrocal trail relais2,32700.000000000004,1168,FEMALE,20K,110,07:03:16,2024,FR
2025,7490,impérial trail de fontainebleau - trophée philippe mahut,24800.0,500,FEMALE,20K,338,03:03:57,2021,FR
2025,7493,dodo trail - trooper 25km,23700.0,1450,MALE,20K,184,05:53:52,2024,MU
2025,7493,mauritius by UTMB - bel ombre,59100.0,1790,MALE,50K,227,12:07:44,2024,MU
2025,7493,la ferme trail - la ferme trail,23500.0,1050,MALE,20K,74,04:51:11,2023,MU
2025,7493,moka trail - moka trail,30500.0,1610,MALE,20K,102,06:34:34,2022,MU
2025,7493,trail des goyaves - trail des goyaves,25500.0,1550,MALE,20K,62,05:59:11,2022,MU
2025,7494,le grand raid de la réunion - la mascareignes,74100.0,4000,MALE,100K,159,13:20:52,2022,FR
2025,7494,le grand raid de la réunion - la diagonale des fous,160200.0,9377,MALE,100M,1392,56:10:15,2021,FR
2025,7494,trail des anglais - trail des anglais,28000.0,1260,MALE,20K,275,03:46:11,2020,FR
2025,7496,trail des violettes - trail des violettes 25km,25000.0,600,MALE,20K,92,02:19:17,2024,FR
2025,7496,trail des rois maudits - trm13,13200.0,520,MALE,,24,01:14:26,2023,FR
2025,7496,la 6000d trail de légende - 6 d marathon,43700.0,2110,MALE,50K,281,06:38:53,2023,FR
2025,7496,trail des rois maudits - trm13,13200.0,520,MALE,,47,01:24:43,2022,FR
2025,7497,trail des anglais - trail des anglais,28000.0,1260,MALE,20K,1271,06:06:35,2020,FR
2025,7498,le grand raid de la réunion - trail de bourbon,101000.0,5835,MALE,100K,955,39:31:12,2024,FR
2025,7499,le grand raid de la réunion - zembrocal trail relais3,43700.0,3187,MALE,50K,53,09:10:33,2024,FR
2025,7499,le grand raid de la réunion - trail de bourbon,109000.0,6328,MALE,100M,262,28:30:09,2023,FR
2025,7499,le grand raid de la réunion - la diagonale des fous,168400.0,10250,MALE,100M,1113,50:18:51,2022,FR
2025,7499,trail des anglais - trail des anglais,28000.0,1260,MALE,20K,523,04:13:45,2020,FR
2025,7500,le grand raid de la réunion - la mascareignes,70000.0,3829,MALE,100K,65,11:43:59,2024,FR
2025,7500,cimasarun - cumasarun,56200.0,3818,MALE,50K,113,09:27:52,2024,FR
2025,7500,mauritius by UTMB - le morne,21500.0,741,MALE,20K,2,01:54:29,2024,MU
2025,7500,trail de minuit - trail de minuit,56400.0,3180,MALE,50K,402,10:56:51,2020,FR
2025,7500,trail des anglais - trail des anglais,28000.0,1260,MALE,20K,93,03:14:25,2020,FR
2025,7501,le grand raid de la réunion - trail de bourbon,101000.0,5835,MALE,100K,321,25:23:15,2024,FR
2025,7501,l'ultra marin raid golfe du morbihan - grand raid 175km,175000.0,1430,MALE,100M,775,33:39:24,2024,FR
2025,7501,le grand raid de la réunion - la diagonale des fous,167300.0,9710,MALE,100M,1038,49:14:47,2023,FR
2025,7501,le grand raid de la réunion - la mascareignes,74100.0,4000,MALE,100K,635,17:16:34,2022,FR
2025,7502,trail per cami - 13 km trail per cami,13000.0,1050,FEMALE,20K,100,03:55:19,2025,FR
2025,7502,nice côte d’azur by UTMB® - saint-jean-cap-ferrat - nice - 20k,22000.0,700,FEMALE,20K,1015,03:28:57,2024,FR
2025,7503,mantra116 - mantra116 - 68k,68000.0,5000,MALE,100K,1,11:40:22,2025,ID
2025,7503,ecotrail paris® - trail 80km,80900.0,1200,MALE,50K,410,08:56:27,2025,FR
2025,7503,le grand raid de la réunion - la diagonale des fous,167300.0,9710,MALE,100M,45,31:11:09,2023,FR
2025,7503,dodo trail - xtreme 50km,50000.0,3500,MALE,50K,4,06:58:24,2023,MU
2025,7503,swiss canyon trail - k111 swiss canyon trail,115300.0,5170,MALE,100K,14,13:43:55,2023,CH
2025,7505,ultra trail haut-koenigsbourg ® - thk 59 km,59000.0,2150,MALE,50K,264,08:45:13,2025,FR
2025,7505,trail des collines - trail des collines,23000.0,600,MALE,20K,267,02:44:31,2025,FR
2025,7505,trail du grand ballon - trail du grand ballon 24km,24000.0,1104,MALE,20K,285,03:32:39,2025,FR
2025,7505,ecotrail paris® - trail 45km,45900.0,720,MALE,50K,1406,06:13:39,2025,FR
2025,7505,trail du petit ballon - 28 km - grands crus,28300.0,910,MALE,20K,1029,04:10:17,2020,FR
2025,7509,eiger ultra trail® by UTMB - e51 - panorama trail,41000.0,2300,FEMALE,50K,470,07:11:58,2025,CH
2025,7509,salomon zugspitz ultratrail powered by ledlenser - mittenwald trail,44000.0,1860,FEMALE,50K,188,05:55:07,2024,DE
2025,7509,eiger ultra trail® by UTMB - e35 - north face trail,37200.0,2450,FEMALE,50K,287,06:44:13,2023,CH
2025,7511,le grand raid de la réunion - zembrocal trail relais1,37200.0,2720,MALE,50K,115,08:04:21,2022,FR
2025,7511,le grand raid de la réunion - la diagonale des fous,160200.0,9377,MALE,100M,1115,50:54:58,2021,FR
2025,7511,trail de minuit - trail de minuit,56400.0,3180,MALE,50K,286,10:17:07,2020,FR
2025,7511,caldeira trail - ultra caldeira trail,71200.0,1880,MALE,50K,40,11:54:48,2020,FR
2025,7511,transvolcano - transvolcano,45500.0,1680,MALE,50K,52,06:20:32,2020,FR
2025,7512,wildstrubel by UTMB - wild 25,26000.0,1200,MALE,20K,23,02:23:44,2025,CH
2025,7512,sierre-zinal - sierre-zinal,31300.0,2190,MALE,50K,267,03:29:38,2024,CH
2025,7512,eiger ultra trail® by UTMB - e51 - panorama trail,54000.0,3057,MALE,50K,37,06:52:36,2024,CH
2025,7512,salomon zugspitz ultratrail powered by ledlenser - leutasch trail,68000.0,2870,MALE,50K,22,07:50:08,2024,DE
2025,7512,eiger ultra trail® by UTMB - e51 panorama trail,51000.0,3000,MALE,50K,36,06:55:14,2023,CH
2025,7515,le grand raid de la réunion - trail de bourbon,105100.0,6131,MALE,100K,480,34:34:26,2021,FR
2025,7516,le grand raid de la réunion - trail de bourbon,101000.0,5835,MALE,100K,698,32:50:36,2024,FR
2025,7516,le grand raid de la réunion - trail de bourbon,109000.0,6328,MALE,100M,806,38:15:09,2023,FR
2025,7522,le grand raid de la réunion - zembrocal trail relais3,43700.0,3187,MALE,50K,76,09:45:31,2024,FR
2025,7522,le grand raid de la réunion - la diagonale des fous,167300.0,9710,MALE,100M,989,48:42:00,2023,FR
2025,7522,le grand raid de la réunion - trail de bourbon,109200.0,5960,MALE,100K,360,32:11:31,2022,FR
2025,7522,le grand raid de la réunion - la mascareignes,72000.0,3874,MALE,100K,418,16:45:25,2021,FR
2025,7522,trail de minuit - trail de minuit,56400.0,3180,MALE,50K,699,12:48:10,2020,FR
2025,7525,trail de la savane - 28km,25000.0,900,MALE,20K,205,03:45:02,2020,FR
2025,7528,le grand raid de la réunion - la diagonale des fous,175000.0,10107,MALE,100M,1423,57:57:12,2024,FR
2025,7528,mafate trail tour - ultra mafate trail tour,63400.0,4090,MALE,100K,228,16:53:36,2023,FR
2025,7528,caldeira trail - ultra caldeira trail,71200.0,1880,MALE,50K,89,13:23:59,2020,FR
2025,7529,le grand raid de la réunion - la mascareignes,72000.0,4007,FEMALE,100K,963,20:14:44,2023,FR
2025,7529,le grand raid de la réunion - zembrocal trail relais1,44300.0,3950,FEMALE,50K,123,15:20:08,2021,FR
2025,7536,le grand raid de la réunion - la mascareignes,72000.0,4007,MALE,100K,832,19:24:04,2023,FR
2025,7536,raid 974 - semi-raid 974,61000.0,2426,MALE,50K,182,13:54:49,2023,FR
2025,7536,transvolcano - transvolcano,45500.0,1680,MALE,50K,158,07:40:04,2020,FR
2025,7540,trail du hautacam  - trail du hautacam 45 km,45000.0,2660,MALE,50K,219,08:22:26,2025,FR
2025,7540,nord trail monts de flandres - ntmf 13 km,13300.0,270,MALE,,43,01:14:08,2023,FR
2025,7542,oisans trail tour - trail tour,40000.0,1900,MALE,50K,507,06:28:54,2025,FR
2025,7542,ultra tour des 4 massifs - ut4m 80 challenge,79000.0,6485,MALE,100K,225,17:20:02,2023,FR
2025,7542,ultra trail du vercors - crazy trail,46000.0,2600,MALE,50K,308,11:26:13,2022,FR
2025,7542,ultra tour des 4 massifs - ut4m 20 belledonne,20400.0,1930,MALE,20K,112,03:59:47,2022,FR
2025,7542,ultra tour des 4 massifs - ut4m 20 taillefer,11100.0,850,MALE,,65,01:40:11,2022,FR
2025,7545,le grand raid de la réunion - metis trail,50000.0,2598,MALE,50K,26,08:25:42,2024,FR
2025,7545,trail des anglais - trail des anglais,28000.0,1260,MALE,20K,239,03:40:48,2020,FR
2025,7553,balcons de cauterets - 20km,20000.0,1200,MALE,20K,61,02:36:10,2025,FR
2025,7554,ubvt - maxi bvt,26000.0,1400,MALE,20K,248,03:34:34,2025,FR
2025,7554,marathon du mont-blanc - 42 km du mont-blanc,43600.0,2550,MALE,50K,1623,08:57:03,2025,FR
2025,7554,trail des forts de besançon - 42km,43000.0,1343,MALE,50K,871,06:20:38,2025,FR
2025,7554,lyon urban trail - 25 km,25700.0,990,MALE,20K,1156,03:11:05,2025,FR
2025,7554,trail des forts de besançon - 11km,11000.0,311,MALE,,965,01:28:07,2024,FR
2025,7554,trail des forts de besançon - 21km,21000.0,590,MALE,20K,1107,02:35:57,2024,FR
2025,7555,la asics saintélyon - saintexpress,45000.0,906,FEMALE,50K,2224,06:31:30,2024,FR
2025,7560,mafate trail tour - mafate trail tour,53900.0,3560,MALE,50K,356,12:05:29,2023,FR
2025,7562,trail des anglais - trail des anglais,28000.0,1260,MALE,20K,134,03:24:31,2020,FR
2025,7563,le grand raid de la réunion - la mascareignes,70000.0,3829,MALE,100K,388,15:01:54,2024,FR
2025,7563,mafate trail tour - mafate trail tour,53900.0,3560,MALE,50K,191,10:18:19,2023,FR
2025,7563,dodo trail - xtreme 50km,50000.0,3500,MALE,50K,43,09:45:54,2023,MU
2025,7563,le grand raid de la réunion - la diagonale des fous,168400.0,10250,MALE,100M,1208,51:37:11,2022,FR
2025,7563,trail de minuit - trail de minuit,54200.0,3180,MALE,50K,443,11:40:26,2022,FR
2025,7564,le grand raid de la réunion - zembrocal trail relais4,33400.0,1360,MALE,20K,167,09:17:15,2022,FR
2025,7564,le grand raid de la réunion - la diagonale des fous,160200.0,9377,MALE,100M,1568,59:01:06,2021,FR
2025,7564,trail des anglais - trail des anglais,28000.0,1260,MALE,20K,737,04:35:54,2020,FR
2025,7565,trail de vulcain - marathon volcanique,48000.0,1820,MALE,50K,599,07:33:12,2025,FR
2025,7565,la veni vici - la veni vici - 47 km,47700.0,1250,MALE,50K,1169,07:53:42,2024,FR
2025,7565,ultra trail des montagnes du jura - la cmm,42420.0,1149,MALE,50K,1098,06:30:33,2024,FR
2025,7565,trail du ventoux - le 46 origine,41000.0,2350,MALE,50K,1191,08:26:53,2024,FR
2025,7565,maxicross - 30 km,30500.0,1250,MALE,20K,818,04:52:19,2024,FR
2025,7565,la asics saintélyon - la saintésprint,24000.0,412,MALE,20K,1527,02:51:29,2023,FR
2025,7565,trail des châtaignes - les châtaignes,32000.0,1200,MALE,20K,460,04:46:54,2023,FR
2025,7565,trail du grand sénonais - le petit senon,19300.0,230,MALE,20K,88,01:57:45,2023,FR
2025,7565,trail des forts de besançon - 30km,30000.0,900,MALE,20K,1044,04:28:10,2023,FR
2025,7565,maxicross - 10 km,10300.0,399,MALE,,440,01:22:59,2023,FR
2025,7568,dodo trail - trooper 25km,23700.0,1450,FEMALE,20K,259,06:56:48,2024,MU
2025,7568,le grand raid de la réunion - trail de bourbon,109200.0,5960,FEMALE,100K,446,34:03:10,2022,FR
2025,7568,trail de minuit - trail de minuit,54200.0,3180,FEMALE,50K,610,12:40:18,2022,FR
2025,7572,le grand raid de la réunion - zembrocal trail relais4,33400.0,1360,FEMALE,20K,3,04:14:19,2022,FR
2025,7572,marathon du mont-blanc - 42 km du mont-blanc,44400.0,2500,FEMALE,50K,233,05:52:23,2022,FR
2025,7573,dodo trail - trooper 25km,23700.0,1450,MALE,20K,27,03:57:08,2024,MU
2025,7573,le grand raid de la réunion - la mascareignes,72000.0,4007,MALE,100K,302,15:04:30,2023,FR
2025,7573,trail des anglais - trail des anglais,28000.0,1260,MALE,20K,101,03:15:40,2020,FR
2025,7575,uTDS - trail des sources - uTDS - 42k,42000.0,1260,MALE,50K,7,03:45:00,2024,BE
2025,7575,ardeche trail - la voie romaine - la virée des chateaux - 36km,36000.0,1600,MALE,50K,96,04:18:12,2024,FR
2025,7575,grand trail des lacs & châteaux winter edition (gtlc)  - gt35,38300.0,1400,MALE,50K,148,04:24:11,2023,BE
2025,7575,trail de la colline - l'expedi'sion,25000.0,900,MALE,20K,61,02:33:09,2023,FR
2025,7575,restonica trail - giru di tumbone,17300.0,660,MALE,20K,60,01:55:33,2021,FR
2025,7576,week end du tour des glaciers de la vanoise - tgv 73k,73000.0,3800,MALE,100K,71,11:15:25,2025,FR
2025,7576,trail de la soupe - trail de la soupe 33km,33000.0,1270,MALE,20K,11,02:54:19,2024,BE
2025,7576,trail godefroy | bouillon - 34km,34000.0,1150,MALE,20K,31,03:11:51,2024,BE
2025,7576,frontera endurance run - fer 55k,55000.0,3670,MALE,50K,18,08:31:48,2023,CO
2025,7576,mega meyboom trail brussels (mtb) - mtb 52km,52000.0,1040,MALE,50K,8,04:31:33,2023,BE
2025,7576,la chouffe trail - la chouffe trail 24km,24000.0,620,MALE,20K,21,02:44:10,2023,BE
2025,7579,le grand raid de la réunion - metis trail,50000.0,2598,MALE,50K,159,11:01:30,2024,FR
2025,7585,trail des passerelles du monteynard - maratrail,40000.0,2150,MALE,50K,44,04:47:20,2025,FR
2025,7585,volvic volcanic expérience - trail expérience impluvium,45000.0,1650,MALE,50K,86,05:10:44,2025,FR
2025,7585,lyon urban trail by night - 10km,9600.0,385,MALE,,41,00:52:14,2024,FR
2025,7585,trail natura sioule - les landes de péraclos,20000.0,600,MALE,20K,15,01:46:18,2024,FR
2025,7585,trail des combrailles - la passerelle,24000.0,990,MALE,20K,21,02:29:23,2023,FR
2025,7585,grands trails d'auvergne  (sommet national du trail) - trail du lac,24600.0,810,MALE,20K,100,02:38:58,2023,FR
2025,7587,les crêtes vosgiennes - les crêtes vosgiennes,32700.000000000004,1280,MALE,20K,661,04:53:45,2025,FR
2025,7587,ultra trail grand ballon - ultra du grand ballon 24km,24000.0,1100,MALE,20K,306,03:21:42,2025,FR
2025,7587,ultra trail haut-koenigsbourg ® - thk 25 km,25000.0,880,MALE,20K,694,03:23:40,2023,FR
2025,7592,le grand raid de la réunion - la mascareignes,74100.0,4000,MALE,100K,881,19:04:31,2022,FR
2025,7594,grand raid des pyrénées - tour de la gela,40000.0,3400,FEMALE,50K,587,11:25:36,2025,FR
2025,7597,dodo trail - xtreme 50km,50000.0,3500,MALE,50K,31,08:54:23,2023,MU
2025,7598,trail des mélèzes du mercantour - 10km,10000.0,510,FEMALE,,73,01:21:00,2024,FR
2025,7598,ultra trail cote d'azur mercantour - utcam - 30km,29080.0,2157,FEMALE,50K,227,05:01:25,2024,FR
2025,7599,trail des mélèzes du mercantour - 10km,10000.0,510,MALE,,72,01:20:59,2024,FR
2025,7599,ultra trail cote d'azur mercantour - utcam - 30km,29080.0,2157,MALE,50K,227,05:01:25,2024,FR
2025,7599,vars mountain trail - le col de vars,13000.0,491,MALE,,7,01:04:13,2021,FR
2025,7601,trail des géants - speed'goat ,132000.0,7700,FEMALE,100M,56,37:46:30,2025,FR
2025,7601,le grand raid de la réunion - zembrocal trail relais1,37900.0,2769,FEMALE,50K,26,06:30:03,2024,FR
2025,7601,le grand raid de la réunion - la diagonale des fous,167300.0,9710,FEMALE,100M,885,47:35:58,2023,FR
2025,7601,le grand raid de la réunion - trail de bourbon,109200.0,5960,FEMALE,100K,191,27:19:50,2022,FR
2025,7601,le grand raid de la réunion - la mascareignes,72000.0,3874,FEMALE,100K,430,16:51:39,2021,FR
2025,7602,la 6000d trail de légende - la 6d lacs,30000.0,1520,MALE,20K,830,05:39:31,2025,FR
2025,7602,la asics saintélyon - saintésprint,24000.0,347,MALE,20K,1229,02:51:59,2024,FR
2025,7602,la 6000d trail de légende - la 6d lacs,30000.0,1520,MALE,20K,297,04:22:13,2024,FR
2025,7602,trail drome - trail drôme 21 km,21000.0,1350,MALE,20K,162,02:55:03,2023,FR
2025,7602,edf cenis tour - trail bleu,35000.0,2090,MALE,50K,66,04:50:31,2020,FR
2025,7604,le grand raid de la réunion - zembrocal trail relais1,37200.0,2720,MALE,50K,90,07:51:10,2023,FR
2025,7604,trail de minuit - trail de minuit,54200.0,3180,MALE,50K,552,12:14:49,2022,FR
2025,7607,le grand raid de la réunion - la mascareignes,70000.0,3829,MALE,100K,565,16:23:04,2024,FR
2025,7607,le grand raid de la réunion - trail de bourbon,109000.0,6328,MALE,100M,774,37:48:40,2023,FR
2025,7607,raid 974 - raid 974,99500.0,5370,MALE,100K,187,37:15:18,2023,FR
2025,7607,dodo trail - trooper 25km,23700.0,1450,MALE,20K,47,04:38:12,2022,MU
2025,7607,trail du tangue - trail du tangue,23600.0,900,MALE,20K,100,03:16:55,2020,FR
2025,7610,volvic volcanic expérience - trail expérience  volcanique,24000.0,740,MALE,20K,326,03:01:56,2025,FR
2025,7610,trail nbz  - la gorce,15000.0,450,MALE,,177,01:51:38,2025,FR
2025,7610,trail de vulcain - riom limagne & volcans,28000.0,870,MALE,20K,372,03:37:26,2025,FR
2025,7610,ardeche trail - la voie romaine - la virée des chateaux - 55km,55000.0,2400,MALE,50K,246,08:53:09,2024,FR
2025,7610,trail nbz  - la gorce,15000.0,450,MALE,,85,01:35:50,2024,FR
2025,7610,trail des 4x1800 - trail des 4x1800,32000.0,2000,MALE,50K,189,06:08:58,2023,FR
2025,7611,dodo trail - trooper 25km,23700.0,1450,MALE,20K,105,04:59:20,2024,MU
2025,7613,wmtrc2025 - world mountain and trail running championships - short trail 45k,44500.0,3657,MALE,50K,221,07:12:11,2025,ES
2025,7613,le grand raid de la réunion - la mascareignes,70000.0,3829,MALE,100K,268,14:05:43,2024,FR
2025,7613,dodo trail - xtreme 50km,50000.0,3500,MALE,50K,7,07:25:35,2024,MU
2025,7614,le grand raid de la réunion - metis trail,50000.0,2598,MALE,50K,267,12:19:02,2024,FR
2025,7614,le grand raid de la réunion - la mascareignes,72000.0,3874,MALE,100K,640,19:09:23,2021,FR
2025,7616,restonica trail by UTMB - restonica trail,69100.0,3865,MALE,100K,22,10:32:38,2024,FR
2025,7616,dodo trail - xtreme 50km,50000.0,3500,MALE,50K,22,08:15:58,2023,MU
2025,7616,le grand raid de la réunion - la mascareignes,74100.0,4000,MALE,100K,20,10:41:32,2022,FR
2025,7616,le grand raid de la réunion - trail de bourbon,105100.0,6131,MALE,100K,78,23:02:43,2021,FR
2025,7616,trail de minuit - trail de minuit,56400.0,3180,MALE,50K,62,08:25:36,2020,FR
2025,7617,trail des cathelières - trail des cathelières,16000.0,540,FEMALE,20K,103,02:12:02,2023,FR
2025,7617,trail des cathelières - trail des cathelières,16000.0,540,FEMALE,20K,115,02:09:09,2022,FR
2025,7617,maxiracesicily - etna trail - etna trail sicilia,24000.0,1300,FEMALE,20K,112,04:43:41,2022,IT
2025,7617,trail du saint-jacques by UTMB® - maratrail du saint-jacques,43000.0,1450,FEMALE,50K,527,07:08:10,2022,FR
2025,7620,le grand raid de la réunion - trail de bourbon,109000.0,6328,MALE,100M,304,29:29:44,2023,FR
2025,7622,ubaye trail salomon - parcours découverte,22900.0,1090,MALE,20K,278,03:12:02,2020,FR
2025,7623,le belier - trail 42km | le marathon du bélier,42950.0,1930,MALE,50K,514,06:47:40,2025,FR
2025,7623,le belier - le super bélier,84000.0,3760,MALE,100K,127,12:37:44,2025,FR
2025,7623,trail du corbier - trail des sybelles- partie b,15000.0,900,MALE,20K,4,02:22:59,2025,FR
2025,7623,trail du laudon - trail de la cochette,42000.0,2200,MALE,50K,225,06:16:33,2025,FR
2025,7623,trail des 3 couvents - fetrus,25000.0,1500,MALE,20K,68,03:26:57,2025,FR
2025,7624,l'ultra marin raid golfe du morbihan - ronde des douaniers 34 km,33000.0,510,FEMALE,20K,1410,03:56:19,2024,FR
2025,7624,la asics saintélyon - la saintésprint,23300.0,410,FEMALE,20K,1940,03:10:45,2021,FR
2025,7627,le grand raid de la réunion - la mascareignes,72000.0,4007,MALE,100K,52,11:48:45,2023,FR
2025,7627,le grand raid de la réunion - zembrocal trail relais4,33400.0,1360,MALE,20K,73,06:41:29,2022,FR
2025,7627,dodo trail - xtreme 50km,50000.0,3500,MALE,50K,48,10:01:42,2022,MU
2025,7627,trail de minuit - trail de minuit,54200.0,3180,MALE,50K,444,11:40:37,2022,FR
2025,7635,le grand raid de la réunion - la mascareignes,72000.0,4007,MALE,100K,762,18:45:38,2023,FR
2025,7635,la asics saintélyon - la saintélyon,78000.0,2200,MALE,100K,4674,13:53:11,2022,FR
2025,7643,le grand raid de la réunion - zembrocal trail relais4,32299.999999999996,1302,FEMALE,20K,116,07:53:44,2024,FR
2025,7643,dodo trail - trooper 25km,23700.0,1450,FEMALE,20K,209,06:03:32,2024,MU
2025,7644,maxi-race du lac d'annecy - demi-tour du lac d'annecy : marathon expérience,29400.0,1607,FEMALE,20K,1443,05:24:10,2024,FR
2025,7644,ecotrail paris® - trail 18km,18600.0,400,FEMALE,20K,1819,02:10:20,2024,FR
2025,7644,marathon du mont-blanc - 10 km du mont-blanc,9800.0,270,FEMALE,,752,01:08:45,2023,FR
2025,7644,ecotrail paris® - trail 30 km,30900.0,520,FEMALE,20K,1886,03:40:05,2023,FR
2025,7646,adidas terrex maxi-race - tour du lac d'annecy en 2 jours - xl-race,97000.0,4800,MALE,100K,83,17:49:20,2025,FR
2025,7646,ecotrail paris® - trail 80km,80900.0,1200,MALE,50K,1117,10:20:10,2025,FR
2025,7646,festival des templiers - intégrale des causses,61800.0,2661,MALE,50K,190,09:00:16,2024,FR
2025,7646,maxi-race du lac d'annecy - euro-open-trail  (marathon-race) - raccourcis,43000.0,2691,MALE,50K,538,07:06:11,2024,FR
2025,7646,la asics saintélyon - la saintexpress,44000.0,974,MALE,50K,1218,05:27:39,2023,FR
2025,7646,ecotrail paris® - trail 30 km,30900.0,520,MALE,20K,1557,03:28:19,2023,FR
2025,7652,raid 974 - semi-raid 974,57000.0,2800,MALE,50K,352,15:00:53,2024,FR
2025,7652,le grand raid de la réunion - la mascareignes,74100.0,4000,MALE,100K,774,18:20:59,2022,FR
2025,7655,cimasarun - cumasarun,56200.0,3818,FEMALE,50K,749,14:20:13,2024,FR
2025,7655,meribel trail - 25 km,23900.0,1830,FEMALE,20K,204,04:58:07,2023,FR
2025,7655,le grand raid de la réunion - la diagonale des fous,168400.0,10250,FEMALE,100M,1707,59:18:21,2022,FR
2025,7655,le grand raid de la réunion - trail de bourbon,105100.0,6131,FEMALE,100K,534,35:42:10,2021,FR
2025,7660,le belier - trail 42km | le marathon du bélier,42950.0,1930,MALE,50K,435,06:28:25,2025,FR
2025,7660,trail du tour des fiz - duo des fiz,25700.0,1480,MALE,20K,47,03:36:02,2025,FR
2025,7660,la trace des maquisards - trace des maquisards 25 km,28000.0,1200,MALE,20K,434,04:18:20,2025,FR
2025,7660,le belier - trail 27km | le bélier,27000.0,1090,MALE,20K,714,03:57:35,2024,FR
2025,7660,la landsberg - le grand,23000.0,870,MALE,20K,451,02:52:18,2023,FR
2025,7660,les vosgirunners trails nature - la mac vi,25100.0,1000,MALE,20K,211,02:55:32,2023,FR
